/*
SQLyog Community v13.1.6 (64 bit)
MySQL - 10.4.11-MariaDB : Database - gem
*********************************************************************
*/

/*!40101 SET NAMES utf8 */;

/*!40101 SET SQL_MODE=''*/;

/*!40014 SET @OLD_UNIQUE_CHECKS=@@UNIQUE_CHECKS, UNIQUE_CHECKS=0 */;
/*!40014 SET @OLD_FOREIGN_KEY_CHECKS=@@FOREIGN_KEY_CHECKS, FOREIGN_KEY_CHECKS=0 */;
/*!40101 SET @OLD_SQL_MODE=@@SQL_MODE, SQL_MODE='NO_AUTO_VALUE_ON_ZERO' */;
/*!40111 SET @OLD_SQL_NOTES=@@SQL_NOTES, SQL_NOTES=0 */;
CREATE DATABASE /*!32312 IF NOT EXISTS*/`evan23_gem` /*!40100 DEFAULT CHARACTER SET utf8mb4 */;

USE `evan23_gem`;

/*Table structure for table `ci_activity_log` */

DROP TABLE IF EXISTS `ci_activity_log`;

CREATE TABLE `ci_activity_log` (
  `id` int(11) NOT NULL AUTO_INCREMENT,
  `activity_id` tinyint(4) NOT NULL,
  `user_id` int(11) NOT NULL,
  `created_at` datetime NOT NULL,
  PRIMARY KEY (`id`)
) ENGINE=InnoDB AUTO_INCREMENT=280 DEFAULT CHARSET=latin1;

/*Data for the table `ci_activity_log` */

insert  into `ci_activity_log`(`id`,`activity_id`,`user_id`,`created_at`) values 
(1,4,3,'2021-01-11 22:24:35'),
(2,5,3,'2021-01-11 22:51:58'),
(3,4,3,'2021-01-11 22:52:42'),
(4,4,3,'2021-01-12 07:18:02'),
(5,4,3,'2021-01-12 14:32:49'),
(6,5,3,'2021-01-12 14:57:45'),
(7,4,3,'2021-01-12 20:32:39'),
(8,4,3,'2021-01-14 21:36:35'),
(9,5,3,'2021-01-14 21:36:50'),
(10,4,3,'2021-01-17 13:44:13'),
(11,4,3,'2021-01-18 03:00:51'),
(12,4,3,'2021-01-18 07:26:50'),
(13,15,3,'2021-01-18 00:05:03'),
(14,15,3,'2021-01-18 00:05:18'),
(15,15,3,'2021-01-18 00:05:22'),
(16,15,3,'2021-01-18 00:05:26'),
(17,15,3,'2021-01-18 00:05:31'),
(18,15,3,'2021-01-18 00:05:57'),
(19,15,3,'2021-01-18 00:06:51'),
(20,15,3,'2021-01-18 00:06:54'),
(21,15,3,'2021-01-18 00:06:59'),
(22,15,3,'2021-01-18 00:07:04'),
(23,15,3,'2021-01-18 00:07:10'),
(24,15,3,'2021-01-18 00:07:13'),
(25,15,3,'2021-01-18 00:07:17'),
(26,15,3,'2021-01-18 00:07:21'),
(27,15,3,'2021-01-18 00:07:25'),
(28,15,3,'2021-01-18 00:07:32'),
(29,15,3,'2021-01-18 00:07:37'),
(30,15,3,'2021-01-18 00:07:41'),
(31,4,3,'2021-01-19 21:20:32'),
(32,4,3,'2021-01-20 20:10:17'),
(33,4,3,'2021-01-21 02:16:02'),
(34,4,3,'2021-01-23 08:53:18'),
(35,4,3,'2021-01-25 08:10:42'),
(36,15,3,'2021-01-24 22:11:00'),
(37,15,3,'2021-01-24 22:11:09'),
(38,15,3,'2021-01-24 22:11:12'),
(39,15,3,'2021-01-24 22:42:50'),
(40,15,3,'2021-01-24 22:44:54'),
(41,4,3,'2021-01-25 15:46:51'),
(42,4,3,'2021-01-26 01:22:21'),
(43,4,3,'2021-01-26 15:02:12'),
(44,1,3,'2021-01-26 05:05:39'),
(45,4,44,'2021-01-26 15:18:26'),
(46,4,44,'2021-01-26 15:19:17'),
(47,2,3,'2021-01-26 05:30:30'),
(48,5,3,'2021-01-26 15:36:41'),
(49,4,3,'2021-01-26 15:37:07'),
(50,4,44,'2021-01-26 15:37:50'),
(51,4,3,'2021-01-26 16:48:23'),
(52,4,3,'2021-01-26 19:53:34'),
(53,5,3,'2021-01-26 21:53:33'),
(54,4,3,'2021-01-26 22:08:03'),
(55,5,3,'2021-01-26 22:20:31'),
(56,4,3,'2021-01-27 13:55:26'),
(57,15,3,'2021-01-27 04:45:02'),
(58,4,3,'2021-01-27 16:28:22'),
(59,4,3,'2021-01-27 17:52:47'),
(60,18,3,'2021-01-27 07:54:37'),
(61,2,3,'2021-01-27 08:08:54'),
(62,5,3,'2021-01-27 18:09:11'),
(63,4,44,'2021-01-27 18:09:21'),
(64,5,3,'2021-01-27 18:13:49'),
(65,4,44,'2021-01-27 18:14:19'),
(66,15,44,'2021-01-27 08:15:31'),
(67,15,44,'2021-01-27 08:17:42'),
(68,4,3,'2021-01-27 18:54:43'),
(69,18,3,'2021-01-27 08:56:20'),
(70,15,44,'2021-01-27 08:58:51'),
(71,15,44,'2021-01-27 08:58:56'),
(72,5,44,'2021-01-27 19:22:30'),
(73,4,3,'2021-01-27 19:22:58'),
(74,7,3,'2021-01-27 09:26:12'),
(75,6,3,'2021-01-27 09:26:16'),
(76,6,3,'2021-01-27 09:26:39'),
(77,18,3,'2021-01-27 09:27:29'),
(78,18,3,'2021-01-27 09:34:31'),
(79,20,3,'2021-01-27 09:35:06'),
(80,20,3,'2021-01-27 09:47:30'),
(81,20,3,'2021-01-27 09:47:49'),
(82,18,3,'2021-01-27 09:48:49'),
(83,4,3,'2021-01-27 22:36:40'),
(84,18,3,'2021-01-27 12:36:57'),
(85,4,3,'2021-01-28 02:11:16'),
(86,4,3,'2021-01-28 06:09:02'),
(87,5,3,'2021-01-28 06:09:57'),
(88,4,3,'2021-01-28 15:55:42'),
(89,4,44,'2021-01-28 16:14:34'),
(90,17,3,'2021-01-28 07:36:04'),
(91,4,44,'2021-01-28 19:58:37'),
(92,4,3,'2021-01-28 20:32:14'),
(93,1,3,'2021-01-28 10:35:01'),
(94,5,3,'2021-01-28 20:36:27'),
(95,4,44,'2021-01-28 22:31:32'),
(96,4,43,'2021-01-29 10:09:37'),
(97,1,43,'2021-01-29 01:43:02'),
(98,4,45,'2021-01-29 14:53:47'),
(99,4,3,'2021-01-29 15:01:35'),
(100,4,3,'2021-01-29 20:48:48'),
(101,5,3,'2021-01-29 20:59:26'),
(102,4,45,'2021-01-29 23:24:04'),
(103,4,43,'2021-01-30 00:40:00'),
(104,4,43,'2021-01-30 03:26:56'),
(105,4,43,'2021-01-30 06:44:12'),
(106,4,44,'2021-01-30 14:23:04'),
(107,15,44,'2021-01-30 04:25:53'),
(108,15,44,'2021-01-30 04:26:10'),
(109,15,44,'2021-01-30 04:26:27'),
(110,15,44,'2021-01-30 04:26:31'),
(111,15,44,'2021-01-30 04:26:35'),
(112,15,44,'2021-01-30 04:26:50'),
(113,4,44,'2021-02-01 13:36:42'),
(114,4,3,'2021-02-01 14:35:21'),
(115,18,3,'2021-02-01 04:35:40'),
(116,15,44,'2021-02-01 06:01:29'),
(117,4,45,'2021-02-01 18:44:58'),
(118,4,3,'2021-02-01 18:56:12'),
(119,4,43,'2021-02-02 10:46:33'),
(120,17,43,'2021-02-02 03:10:33'),
(121,4,44,'2021-02-02 14:56:00'),
(122,4,43,'2021-02-02 19:56:04'),
(123,4,3,'2021-02-02 20:46:25'),
(124,5,3,'2021-02-02 22:33:02'),
(125,4,43,'2021-02-03 00:29:43'),
(126,4,43,'2021-02-03 02:50:03'),
(127,1,43,'2021-02-02 16:53:06'),
(128,1,43,'2021-02-02 16:55:41'),
(129,1,43,'2021-02-02 16:55:57'),
(130,5,43,'2021-02-03 03:00:54'),
(131,4,3,'2021-02-03 03:09:48'),
(132,18,3,'2021-02-02 17:10:37'),
(133,17,43,'2021-02-02 17:12:18'),
(134,1,3,'2021-02-02 17:20:41'),
(135,1,3,'2021-02-02 17:21:08'),
(136,15,43,'2021-02-02 17:42:44'),
(137,17,43,'2021-02-02 18:51:29'),
(138,4,43,'2021-02-03 07:14:29'),
(139,4,3,'2021-02-03 14:25:16'),
(140,4,43,'2021-02-03 14:43:39'),
(141,15,43,'2021-02-03 04:44:38'),
(142,17,3,'2021-02-03 05:15:19'),
(143,17,3,'2021-02-03 05:15:36'),
(144,17,3,'2021-02-03 05:15:56'),
(145,17,3,'2021-02-03 05:16:06'),
(146,17,3,'2021-02-03 05:16:15'),
(147,17,3,'2021-02-03 05:16:25'),
(148,17,3,'2021-02-03 05:16:33'),
(149,17,3,'2021-02-03 05:16:42'),
(150,17,3,'2021-02-03 05:16:49'),
(151,17,3,'2021-02-03 05:16:59'),
(152,17,3,'2021-02-03 05:17:07'),
(153,17,3,'2021-02-03 05:17:17'),
(154,17,3,'2021-02-03 05:17:31'),
(155,17,3,'2021-02-03 05:19:26'),
(156,17,3,'2021-02-03 05:19:50'),
(157,17,3,'2021-02-03 05:20:22'),
(158,17,3,'2021-02-03 05:21:14'),
(159,4,44,'2021-02-03 15:21:59'),
(160,15,44,'2021-02-03 05:22:28'),
(161,15,44,'2021-02-03 05:22:33'),
(162,17,3,'2021-02-03 05:23:49'),
(163,17,3,'2021-02-03 05:24:08'),
(164,17,3,'2021-02-03 05:24:48'),
(165,17,3,'2021-02-03 05:25:06'),
(166,17,3,'2021-02-03 05:25:19'),
(167,17,3,'2021-02-03 05:25:31'),
(168,17,3,'2021-02-03 05:26:06'),
(169,17,3,'2021-02-03 05:26:28'),
(170,17,3,'2021-02-03 05:26:41'),
(171,17,3,'2021-02-03 05:26:56'),
(172,17,3,'2021-02-03 05:27:08'),
(173,17,3,'2021-02-03 05:27:27'),
(174,17,3,'2021-02-03 05:27:47'),
(175,17,3,'2021-02-03 05:28:04'),
(176,17,3,'2021-02-03 05:28:31'),
(177,17,3,'2021-02-03 05:28:45'),
(178,17,3,'2021-02-03 05:28:56'),
(179,17,3,'2021-02-03 05:29:38'),
(180,17,3,'2021-02-03 05:29:46'),
(181,17,3,'2021-02-03 05:30:25'),
(182,17,3,'2021-02-03 05:30:35'),
(183,17,3,'2021-02-03 05:30:55'),
(184,17,3,'2021-02-03 05:31:04'),
(185,17,3,'2021-02-03 05:31:11'),
(186,17,3,'2021-02-03 05:31:28'),
(187,17,3,'2021-02-03 05:31:45'),
(188,17,3,'2021-02-03 05:31:55'),
(189,17,3,'2021-02-03 05:32:06'),
(190,17,3,'2021-02-03 05:32:21'),
(191,17,3,'2021-02-03 05:32:28'),
(192,17,3,'2021-02-03 05:32:35'),
(193,17,3,'2021-02-03 05:32:42'),
(194,17,3,'2021-02-03 05:32:54'),
(195,17,3,'2021-02-03 05:33:03'),
(196,17,3,'2021-02-03 05:33:10'),
(197,17,3,'2021-02-03 05:33:18'),
(198,17,3,'2021-02-03 05:33:25'),
(199,17,3,'2021-02-03 05:33:33'),
(200,17,3,'2021-02-03 05:33:40'),
(201,17,3,'2021-02-03 05:33:48'),
(202,17,3,'2021-02-03 05:33:55'),
(203,17,3,'2021-02-03 05:34:02'),
(204,17,3,'2021-02-03 05:34:18'),
(205,17,3,'2021-02-03 05:34:30'),
(206,17,3,'2021-02-03 05:34:38'),
(207,17,3,'2021-02-03 05:34:51'),
(208,17,3,'2021-02-03 05:35:05'),
(209,17,3,'2021-02-03 05:35:16'),
(210,17,3,'2021-02-03 05:35:36'),
(211,17,3,'2021-02-03 05:35:52'),
(212,17,3,'2021-02-03 05:35:57'),
(213,4,44,'2021-02-03 20:47:57'),
(214,4,43,'2021-02-03 21:48:31'),
(215,4,44,'2021-02-04 15:02:07'),
(216,15,44,'2021-02-04 05:03:49'),
(217,4,3,'2021-02-04 15:42:08'),
(218,4,43,'2021-02-04 21:46:03'),
(219,4,3,'2021-02-05 01:41:45'),
(220,4,43,'2021-02-05 03:03:07'),
(221,17,43,'2021-02-04 17:41:31'),
(222,4,43,'2021-02-05 07:14:53'),
(223,17,43,'2021-02-04 21:17:09'),
(224,15,43,'2021-02-04 22:59:35'),
(225,15,43,'2021-02-04 22:59:42'),
(226,17,43,'2021-02-04 23:14:13'),
(227,4,43,'2021-02-05 12:33:08'),
(228,17,43,'2021-02-05 03:53:18'),
(229,4,3,'2021-02-05 15:05:48'),
(230,4,3,'2021-02-05 16:06:38'),
(231,17,3,'2021-02-05 06:50:47'),
(232,15,3,'2021-02-05 06:51:18'),
(233,15,3,'2021-02-05 06:51:21'),
(234,5,3,'2021-02-05 17:02:39'),
(235,4,43,'2021-02-05 18:53:15'),
(236,4,43,'2021-02-05 22:55:57'),
(237,4,43,'2021-02-06 08:53:26'),
(238,4,44,'2021-02-06 15:51:36'),
(239,15,44,'2021-02-06 05:52:06'),
(240,4,44,'2021-02-06 22:40:48'),
(241,4,43,'2021-02-08 07:39:18'),
(242,4,44,'2021-02-08 14:22:42'),
(243,4,3,'2021-02-08 15:54:14'),
(244,4,44,'2021-02-08 19:06:37'),
(245,4,45,'2021-02-08 20:37:38'),
(246,4,44,'2021-02-09 15:51:02'),
(247,4,45,'2021-02-09 15:52:36'),
(248,4,44,'2021-02-09 19:03:32'),
(249,4,45,'2021-02-09 20:44:17'),
(250,4,44,'2021-02-09 21:19:17'),
(251,4,43,'2021-02-09 23:28:23'),
(252,4,44,'2021-02-09 23:38:31'),
(253,4,45,'2021-02-10 02:11:52'),
(254,4,45,'2021-02-10 14:42:28'),
(255,4,44,'2021-02-10 14:47:25'),
(256,4,45,'2021-02-10 18:47:16'),
(257,4,44,'2021-02-10 21:38:11'),
(258,4,45,'2021-02-10 22:25:34'),
(259,4,44,'2021-02-11 14:28:08'),
(260,4,3,'2021-02-11 15:58:10'),
(261,4,45,'2021-02-11 16:11:31'),
(262,5,3,'2021-02-11 16:14:37'),
(263,4,44,'2021-02-11 19:15:03'),
(264,4,45,'2021-02-11 21:30:06'),
(265,4,45,'2021-02-12 16:27:02'),
(266,4,44,'2021-02-13 15:45:48'),
(267,4,45,'2021-02-13 16:44:07'),
(268,4,45,'2021-02-13 19:23:40'),
(269,4,43,'2021-02-15 08:40:49'),
(270,4,44,'2021-02-15 14:54:32'),
(271,4,45,'2021-02-15 15:16:00'),
(272,4,44,'2021-02-15 17:33:41'),
(273,4,43,'2021-02-16 02:55:22'),
(274,4,44,'2021-02-16 14:34:20'),
(275,4,45,'2021-02-16 15:16:13'),
(276,4,44,'2021-02-16 20:05:28'),
(277,4,44,'2021-02-16 23:05:23'),
(278,4,43,'2021-02-17 11:25:05'),
(279,4,43,'2021-02-17 11:32:06');

/*Table structure for table `ci_activity_status` */

DROP TABLE IF EXISTS `ci_activity_status`;

CREATE TABLE `ci_activity_status` (
  `id` int(11) NOT NULL AUTO_INCREMENT,
  `description` varchar(225) NOT NULL,
  PRIMARY KEY (`id`)
) ENGINE=InnoDB AUTO_INCREMENT=23 DEFAULT CHARSET=latin1;

/*Data for the table `ci_activity_status` */

insert  into `ci_activity_status`(`id`,`description`) values 
(1,'User Created'),
(2,'User Edited'),
(3,'User Deleted'),
(4,'Login'),
(5,'Logout'),
(6,'Profile Updated'),
(7,'Password Updated'),
(8,'User Group Created'),
(9,'User Group Edited'),
(10,'User Group Deleted'),
(11,'Setting Updated'),
(12,'Customer Edited'),
(13,'Customer Deleted'),
(14,'Request Edited'),
(15,'Request Deleted'),
(16,'Online-Payment Edited'),
(17,'Online-Payment Deleted'),
(18,'Online-Payments Exported'),
(19,'Requests Exported'),
(20,'Customers Exported'),
(21,'Request Email Template Updated'),
(22,'Online-Payment Email Template Updated');

/*Table structure for table `ci_customers` */

DROP TABLE IF EXISTS `ci_customers`;

CREATE TABLE `ci_customers` (
  `id` int(11) NOT NULL AUTO_INCREMENT,
  `username` varchar(50) NOT NULL,
  `firstname` varchar(30) NOT NULL,
  `lastname` varchar(30) NOT NULL,
  `email` varchar(50) NOT NULL,
  `mobile_no` varchar(30) NOT NULL,
  `zip` varchar(50) NOT NULL,
  `address` mediumtext NOT NULL,
  `last_ip` varchar(30) NOT NULL,
  `created_at` datetime NOT NULL,
  `updated_at` datetime NOT NULL,
  PRIMARY KEY (`id`)
) ENGINE=MyISAM AUTO_INCREMENT=249 DEFAULT CHARSET=utf8;

/*Data for the table `ci_customers` */

insert  into `ci_customers`(`id`,`username`,`firstname`,`lastname`,`email`,`mobile_no`,`zip`,`address`,`last_ip`,`created_at`,`updated_at`) values 
(35,'','Terrence ','Licorish ','Teachny8@gmail.com','718909752','','','','2021-01-27 10:01:45','0000-00-00 00:00:00'),
(34,'','Kemi','Desalu','Kydesalu@gmail.com','3472073976','','','','2021-01-27 09:01:03','0000-00-00 00:00:00'),
(32,'','Mary','Garrido','magib7@aol.com','3478588006','','','','2021-01-27 07:01:04','0000-00-00 00:00:00'),
(33,'','Joseph','Santos','jojizzle04js@yahoo.com','6314139390','','','','2021-01-27 08:01:39','0000-00-00 00:00:00'),
(31,'','Sofa','Mustafaj','Sofiabroker@gmail.com','9175533600','','','','2021-01-27 05:01:49','0000-00-00 00:00:00'),
(29,'','John','Custin','jocust100@yah00.com','340-201-3318','','','','2021-01-27 12:01:18','0000-00-00 00:00:00'),
(30,'','Tina','Scarborough','tscarbor1@juno.com','5164568345','','','','2021-01-27 02:01:27','0000-00-00 00:00:00'),
(27,'','Judith','Sully ','Judiths@gmail.com','3476860631','11238','','','2021-01-26 09:01:47','0000-00-00 00:00:00'),
(26,'','rachel','wilen','rachel@gempawn.net','5162638200','11803-1524','','','2021-01-26 04:01:54','0000-00-00 00:00:00'),
(25,'','Michael ','Feliciano ','Salvation20bx@icloud.com','7188259737','10457','','','2021-01-26 03:01:53','0000-00-00 00:00:00'),
(115,'','','','','','TEST','','','2021-02-03 03:02:39','0000-00-00 00:00:00'),
(21,'','Gaelle','closeille','louisgiselle37@gmail.com','13476176057','11226','','','2021-01-25 05:01:29','0000-00-00 00:00:00'),
(23,'','Raenelle','Adams','raenellea@gmail.com','3474527280','11434','','','2021-01-25 05:01:47','0000-00-00 00:00:00'),
(36,'','John','Brown','Brownj1550@live.com','3474960456','','','','2021-01-27 11:01:44','0000-00-00 00:00:00'),
(37,'','Cassilda ','Smith','mrsjripley@gmail.com','9172250776','','','','2021-01-27 11:01:49','0000-00-00 00:00:00'),
(38,'','Gessika ','Fede','Sexydlover@gmail.com','7184157288','','','','2021-01-28 05:01:01','0000-00-00 00:00:00'),
(39,'','Judith','Sully','judithsully@gmail.com','7181234567','','','','2021-01-28 05:01:22','0000-00-00 00:00:00'),
(40,'','Denise ','Cousins ','Dcousinsgh@yahoo.com','9142479222','','','','2021-01-28 05:01:44','0000-00-00 00:00:00'),
(41,'','Jose','Vega','Jvega1019@gmail.com','347-659-4559','','','','2021-01-28 06:01:00','0000-00-00 00:00:00'),
(42,'','Joseph','Gargiulo','joeg19@optonline.net','5164511374','','','','2021-01-28 08:01:57','0000-00-00 00:00:00'),
(43,'','LUCY','MARTINEZ','LMartin413@gmail.com','347-622-4297','','','','2021-01-28 08:01:46','0000-00-00 00:00:00'),
(44,'','Tamara','Richey','tamarat34@hotmail.com','3478739968','','','','2021-01-29 05:01:38','0000-00-00 00:00:00'),
(45,'','Andrea','Graham','jmom4scholars@gmail.com','646-250-7544','','','','2021-01-29 06:01:44','0000-00-00 00:00:00'),
(46,'','Mohamed','Hegazy','Mohamed_hegazyv@yahoo.com','3477813277','','','','2021-01-29 06:01:45','0000-00-00 00:00:00'),
(47,'','Leif ','Rosen','nyleif72@gmail.com','5165437621','','','','2021-01-29 06:01:25','0000-00-00 00:00:00'),
(48,'','Sarah','Logunleko','slogunleko@hotmail.com','9177280277','','','','2021-01-29 07:01:38','0000-00-00 00:00:00'),
(49,'','Christopher','Bautista','Chris.anthony.bautista@gmail.com','3475721504','','','','2021-01-29 07:01:36','0000-00-00 00:00:00'),
(50,'','Arthur','Scott','Arthurscott@ymail.com','917-5302827','','','','2021-01-29 07:01:42','0000-00-00 00:00:00'),
(51,'','Jonathan','Castrovilla','joncastrovilla@gmail.com','5166997012','','','','2021-01-29 07:01:34','0000-00-00 00:00:00'),
(52,'','Mariana ','Leon','Aleon_85@live.com','9174828408','','','','2021-01-29 07:01:16','0000-00-00 00:00:00'),
(53,'','Jordan','Fuentes','Jofuentes90@gmail.com','9178049460','10032','','','2021-01-29 07:01:52','0000-00-00 00:00:00'),
(54,'','Debra','Turner','titanent@aol.com','7184154859','','','','2021-01-29 07:01:54','0000-00-00 00:00:00'),
(55,'','Kevin ','campbell','blessman777@yahoo.com','6464074173','','','','2021-01-29 07:01:25','0000-00-00 00:00:00'),
(56,'','Elizabeth','Grey-Pardo','lizardgrey@icloud.com','917-992-2343','','','','2021-01-29 07:01:53','0000-00-00 00:00:00'),
(57,'','Miguel','Reyes','miguelreyes1090@gmail.com','6466182428','','','','2021-01-29 07:01:06','0000-00-00 00:00:00'),
(58,'','Keon','Maule','Keonmaule@yahoo.com','6462560531','','','','2021-01-29 08:01:41','0000-00-00 00:00:00'),
(59,'','Robert','Capers','Capers319@gmail.com','6464109173','','','','2021-01-29 08:01:06','0000-00-00 00:00:00'),
(60,'','Brandon','Saunders','Kk4u2015@gmail.com','7186752715','','','','2021-01-29 09:01:12','0000-00-00 00:00:00'),
(61,'','Collin','Palmquist','collin.palmquist@gmail.com','3473044655','','','','2021-01-29 09:01:48','0000-00-00 00:00:00'),
(62,'','sharice','gethers','smgethers@yahoo.com','9179297696','','','','2021-01-29 09:01:47','0000-00-00 00:00:00'),
(63,'','Kaveh','Karbasi','Kavehkarbasi@me.com','5162207556','10468','','','2021-01-29 10:01:41','0000-00-00 00:00:00'),
(64,'','Arlene','Perez','APerez620@hotmail.com','9298000409','','','','2021-01-29 10:01:21','0000-00-00 00:00:00'),
(65,'','Nelson','Delarosa','Nelson.delarosa17@yahoo.com','6467967319','','','','2021-01-29 11:01:14','0000-00-00 00:00:00'),
(66,'','Micha ','Loseil','mloseil83@gmail.com','3475517868','','','','2021-01-30 12:01:10','0000-00-00 00:00:00'),
(67,'','David','Berlin','david.berlin.esl@gmail.com','7328075424','','','','2021-01-30 12:01:15','0000-00-00 00:00:00'),
(68,'','Desmond ','Malcolm ','Des42@optonline.net','9178738351','','','','2021-01-30 01:01:02','0000-00-00 00:00:00'),
(69,'','Daniel','Delgado','Dandelgado1982@gmail.com','9144148701','10465','','','2021-01-30 08:01:09','0000-00-00 00:00:00'),
(70,'','Antonio','gonzalez','pebbles19718600@gmail.com','12034408180','10455','','','2021-01-30 09:01:28','0000-00-00 00:00:00'),
(71,'','Michele','Kahnis-Diaz','justinmishy@gmail.com','6313173886','','','','2021-01-30 12:01:31','0000-00-00 00:00:00'),
(72,'','Jacqueline ','Melhado ','Jackiemb4@yahoo.com','4703326543','','','','2021-01-30 03:01:23','0000-00-00 00:00:00'),
(73,'','Gherman','Clusan','puppycozie@yahoo.com','(646)316-6677','','','','2021-01-30 03:01:42','0000-00-00 00:00:00'),
(74,'','Marlene ','Samuel ','kiskidee9@aol.com','718-617-3815','','','','2021-01-30 04:01:03','0000-00-00 00:00:00'),
(75,'','Carmina','Cornejo','cubacornejo79@gmail.com','15168085573','','','','2021-01-30 04:01:32','0000-00-00 00:00:00'),
(76,'','Bernice','Hernandez','Dylanmyboy1@gmail.com','6464798598','','','','2021-01-30 06:01:49','0000-00-00 00:00:00'),
(77,'','Jocelyn','Lovell','vampiress918@gmail.com','3475313800','','','','2021-01-30 06:01:52','0000-00-00 00:00:00'),
(78,'','Paula','Johnson','pwjohnson@nyc.rr.com','7182177895','','','','2021-01-30 06:01:10','0000-00-00 00:00:00'),
(79,'','amit ','budram','justchillz21@gmail.com','9178252507','','','','2021-01-30 08:01:30','0000-00-00 00:00:00'),
(80,'','Ivy','Knipe','ivy.knipe@uncommonprepcharter.org','8083675986','','','','2021-01-30 09:01:57','0000-00-00 00:00:00'),
(81,'','Huguens','Legagneur','signaturework@gmail.com','9298883820','','','','2021-01-30 09:01:50','0000-00-00 00:00:00'),
(82,'','Mohammed ','Bello','Mobello68@gmail.com','6466219643','','','','2021-01-30 10:01:07','0000-00-00 00:00:00'),
(83,'','Edda','Estrada','edda1475@gmail.com','347-5 13-1857','','','','2021-01-30 10:01:48','0000-00-00 00:00:00'),
(84,'','Kenton','Jenkins','kenton.jenkins@yahoo.com','3472282138','10473','','','2021-01-30 11:01:19','0000-00-00 00:00:00'),
(85,'','Nida','Mazhar ','nmazhar8@gmail.com','6468970586','','','','2021-01-31 05:01:24','0000-00-00 00:00:00'),
(86,'','Donato','Tenore','dtenore@rcn.com','9172970710','','','','2021-01-31 04:01:11','0000-00-00 00:00:00'),
(87,'','Wanda','Mohsen','Walexander1961@gmail.com','929 308 8113','','','','2021-02-01 02:02:01','0000-00-00 00:00:00'),
(88,'','Daiquimilda','Pichardo','daiquimilda@gmail.com','6469611086','','','','2021-02-01 04:02:30','0000-00-00 00:00:00'),
(89,'','Daiquimilda','Pichardo','daiquimilda.pichardo@gmail.com','6469611086','','','','2021-02-01 04:02:21','0000-00-00 00:00:00'),
(90,'','Judee','Carchietta','Judee.Carchietta@Citi.com','914-656-1833','','','','2021-02-01 12:02:15','0000-00-00 00:00:00'),
(91,'','Jose','Cabassa','Jcabassa15@gmail.com','7188100881','','','','2021-02-01 04:02:43','0000-00-00 00:00:00'),
(92,'','Shemene','Minter','shemene@aol.com','7187819690','','','','2021-02-01 07:02:23','0000-00-00 00:00:00'),
(93,'','Suzette','Rivera','srivera777@gmail.com','5164301316','','','','2021-02-01 07:02:22','0000-00-00 00:00:00'),
(94,'','Ashley','Lugo','ajlugo1987@gmail.com','7187649149','','','','2021-02-01 07:02:44','0000-00-00 00:00:00'),
(95,'','LaShawn','Lindsey','Lshwn7@gmail.com','6467968009','','','','2021-02-01 08:02:24','0000-00-00 00:00:00'),
(96,'','Georgette','Blair','georgetteblair1@gmail.com','3473803762','','','','2021-02-02 12:02:07','0000-00-00 00:00:00'),
(97,'','Felicita ','Lopez','Wilflokat@aol.com','7184444143','','','','2021-02-02 01:02:33','0000-00-00 00:00:00'),
(98,'','Katrina','Roberts','Ladymerciless81@gmail.com','3476444239','','','','2021-02-02 10:02:13','0000-00-00 00:00:00'),
(99,'','Grant','Larocca','grantlarocca4@gmail.com','310-869-2428','','','','2021-02-02 01:02:42','0000-00-00 00:00:00'),
(100,'','TRAVIS','GOODLEY','travisgee316@gmail.com','7189300529','','','','2021-02-02 02:02:08','0000-00-00 00:00:00'),
(101,'','LAKISHA','STEWART','lakisha.stewart@yahoo.com','9177090093','','','','2021-02-02 03:02:39','0000-00-00 00:00:00'),
(102,'','Vinetta ','Batten','Mzdeevine34@gmail.com','3473551000','','','','2021-02-02 03:02:54','0000-00-00 00:00:00'),
(103,'','Angelina','Gonzalez','stayinmycorner@hotmail.com','5165474769','','','','2021-02-02 06:02:40','0000-00-00 00:00:00'),
(104,'','Sheri','Brown','mspurdy38@yahoo.com','9178373548','','','','2021-02-02 08:02:38','0000-00-00 00:00:00'),
(105,'','Pablo','Diaz','alexisdiaz0417@gmail.com','9174001293','','','','2021-02-02 08:02:06','0000-00-00 00:00:00'),
(106,'','Luz','Betancourt','Genovena32@aol.com','7326968466','','','','2021-02-02 08:02:22','0000-00-00 00:00:00'),
(107,'','Tonia','Williams','twhawes@optimum.net','9177438582','','','','2021-02-02 09:02:11','0000-00-00 00:00:00'),
(108,'','Rudolph ','Peart ','prosperityglobalenterprise@gmail.com','6312950477','','','','2021-02-02 09:02:31','0000-00-00 00:00:00'),
(109,'','Johanny ','Fondeur','diazjohanny0@gmail.com','929-284-5673','','','','2021-02-02 09:02:33','0000-00-00 00:00:00'),
(110,'','Bridgette','Jenkins','buzzybee306@yahoo.com','347 366-3473','','','','2021-02-02 11:02:02','0000-00-00 00:00:00'),
(111,'','Akeem','Benjamin','Akeembenjamin6001@gmail.com','9294548769','','','','2021-02-02 11:02:25','0000-00-00 00:00:00'),
(112,'','Llewellyn','Leibert','LLEWLEIB1430@GMAIL.COM','4707553779','','','','2021-02-03 12:02:22','0000-00-00 00:00:00'),
(113,'','Rosario','Tiburcio','Retravelplanner@gmail.com','5169027978','','','','2021-02-03 01:02:24','0000-00-00 00:00:00'),
(114,'','Judith','TEST','judiths@gempawn.net','3471234567','','','','2021-02-03 02:02:11','0000-00-00 00:00:00'),
(116,'','Carol','Watts johnson','Carolwj130@gmail.com','7576132111','','','','2021-02-03 15:08:43','0000-00-00 00:00:00'),
(117,'','Liana','Kim','linglingstar07@gmail.com','9144799215','11735','','','2021-02-03 16:44:07','0000-00-00 00:00:00'),
(118,'','Regina','Dale','queenhealer@gmail.com','6467329326','','','','2021-02-03 17:37:46','0000-00-00 00:00:00'),
(119,'','Sharon','Belk','mizell2belk@gmail.com','6467329326','','','','2021-02-03 17:52:35','0000-00-00 00:00:00'),
(120,'','Dellanira','Martinez-Jimenez','Morelola47@gmail.com','9172931461','','','','2021-02-03 18:06:55','0000-00-00 00:00:00'),
(121,'','shanna','cruz','shannacruz77@gmail.com','6292004312','','','','2021-02-03 19:07:34','0000-00-00 00:00:00'),
(122,'','Gregoria','Mejia','GregoriaMejia6@gmail.com','3025978330','10032','','','2021-02-03 20:08:08','0000-00-00 00:00:00'),
(123,'','Yvonne','Wright','von3tys4me@yahoo.com','347-742-8157','','','','2021-02-03 21:53:27','0000-00-00 00:00:00'),
(124,'','Aida','Tejada','luztejada1947@yahoo.com','3476458532','','','','2021-02-03 23:37:06','0000-00-00 00:00:00'),
(125,'','Yvette','Miller','ymiller10@gmail.com','9174824725','','','','2021-02-04 01:14:52','0000-00-00 00:00:00'),
(126,'','Rodney','Cherry','rodneycherry41@gmail.com','17186007176','11731','','','2021-02-04 03:43:02','0000-00-00 00:00:00'),
(127,'','Rony','Louissaint','rony_louissaint@yahoo.com','3474266888','','','','2021-02-04 04:08:16','0000-00-00 00:00:00'),
(128,'','Nicole','Young','nicole082804@gmail.com','3472462036','','','','2021-02-04 14:44:14','0000-00-00 00:00:00'),
(129,'','Marieid','Rodriguez','Marienid.Rodriguez@gmail.com','6469393910','','','','2021-02-04 15:04:03','0000-00-00 00:00:00'),
(130,'','Patricia','Davis','pdavis@legal-aid.org','3478643726','','','','2021-02-04 15:31:48','0000-00-00 00:00:00'),
(131,'','lisa','pedroza-charles','lisaleediamond@yahoo.com','7189865642','','','','2021-02-04 17:22:45','0000-00-00 00:00:00'),
(132,'','jasanne','odum','jas81070@aol.com','6467021541','','','','2021-02-04 17:53:13','0000-00-00 00:00:00'),
(133,'','Freddie','Barnes','Freddiebarnes721@yahoo.com','3476057636','','','','2021-02-04 18:09:59','0000-00-00 00:00:00'),
(134,'','kesha','britt','Brittkesha@yahoo.com','3472541885','','','','2021-02-04 19:23:40','0000-00-00 00:00:00'),
(135,'','Sherald','Cooper','Sherryy5354@gmail.com','9293269183','','','','2021-02-04 19:59:44','0000-00-00 00:00:00'),
(136,'','Kirstina','Rodriguez ','Kirstinaa.janeaa@icloud.com','6469340519','','','','2021-02-04 21:44:18','0000-00-00 00:00:00'),
(137,'','Lus ','Fernandez ','Flaka.1409@icloud.com','7188646632','11221','','','2021-02-05 00:09:18','0000-00-00 00:00:00'),
(138,'','Jill','Ferrone','Jbferrone7@gmail.com','5162720693','','','','2021-02-05 00:50:53','0000-00-00 00:00:00'),
(139,'','Raymona','Pittman','raymonapittman@gmail.com','3476228181','','','','2021-02-05 02:22:37','0000-00-00 00:00:00'),
(140,'','Danet','Cedeno','Danetc@aim.com','917-564-2224','10033','','','2021-02-05 02:24:40','0000-00-00 00:00:00'),
(141,'','aaa','bbb','tech@hamparproductions.com','1234567890','','','','2021-02-05 03:41:15','0000-00-00 00:00:00'),
(142,'','Holly ','Scipio','Curtis1921@gmail.com','9149079901','','','','2021-02-05 04:11:47','0000-00-00 00:00:00'),
(143,'','Pedro','Gamboa','pgamboa0524@gmail.com','9174886521','07086','','','2021-02-05 11:00:38','0000-00-00 00:00:00'),
(144,'','Shamica','Punter','shamicapunter1075@gmail.com','3474695225','','','','2021-02-05 13:16:28','0000-00-00 00:00:00'),
(145,'','Tierra','Rivera','Riveratierra23@gmail.com','6095096885','','','','2021-02-05 14:22:05','0000-00-00 00:00:00'),
(146,'','Tierra','Rivera','Riverratierra23@gmail.com','6095096885','','','','2021-02-05 14:32:01','0000-00-00 00:00:00'),
(147,'','Deja','Kilpatrick ','Kilpatrickd21@gmail.com','3475157757','','','','2021-02-05 14:34:15','0000-00-00 00:00:00'),
(148,'','Alan','Ransom','alleyal518@gmail.com','6465913670','','','','2021-02-05 15:15:27','0000-00-00 00:00:00'),
(149,'','amina','abdur-razzaqel','ameenah@aol.com','7183411913','','','','2021-02-05 16:12:54','0000-00-00 00:00:00'),
(150,'','Richard','Ortiz','richienicole76@gmail.com','917-963-9017','','','','2021-02-05 18:36:19','0000-00-00 00:00:00'),
(151,'','Kevon ','Artz','kaitlinpetrashune@yahoo.com','929-216-2720','','','','2021-02-05 19:04:18','0000-00-00 00:00:00'),
(152,'','Frances','Carrillo','fcarrillo1965@gmail.com','3475957458','','','','2021-02-05 20:30:37','0000-00-00 00:00:00'),
(153,'','Albert','Capriotti','914ajc@gmail.com','5166683143','','','','2021-02-05 20:58:21','0000-00-00 00:00:00'),
(154,'','Genesis','Hiciano','ghiciano16@gmail.com','7184960533','10040','','','2021-02-05 20:59:15','0000-00-00 00:00:00'),
(155,'','Felix','RODRIGUEZ','FRODRIGUEZ130@GMAIL.COM','3478862051','','','','2021-02-05 21:09:43','0000-00-00 00:00:00'),
(156,'','Evan','Reed','evan@evdev.co','9292602408','','','','2021-02-05 22:35:30','0000-00-00 00:00:00'),
(157,'','Katherine','Berges','Kathiishunz@gmail.com','7187909761','','','','2021-02-06 15:47:55','0000-00-00 00:00:00'),
(158,'','Joseph ','Ortiz ','j.ortiz.032568@gmail.com','7186447041','','','','2021-02-06 17:25:07','0000-00-00 00:00:00'),
(159,'','Deborah','Taylor','divadeb2001@yahoo.com','2129201881','','','','2021-02-06 17:54:50','0000-00-00 00:00:00'),
(160,'','FRANCINE ','GRIFFITH','thresau55@gmail.com','(917) 340-4961','','','','2021-02-06 18:27:44','0000-00-00 00:00:00'),
(161,'','Marilyn’','Jackson','Reneejsy7@yahoo.com','9176923114','','','','2021-02-06 18:31:56','0000-00-00 00:00:00'),
(162,'','Maureen ','Vella','mvella1010@gmail.com','516-356-2447','','','','2021-02-06 19:57:11','0000-00-00 00:00:00'),
(163,'','Raymond','Colon','Pucho76@me.com','6464673733','','','','2021-02-06 20:19:42','0000-00-00 00:00:00'),
(164,'','Karine','Gilles','kagie22@aol.com','(917) 348-6488','','','','2021-02-06 20:33:37','0000-00-00 00:00:00'),
(165,'','Gyssel','Danzine','Gdanzine@ymail.com','9172941300','','','','2021-02-06 23:01:34','0000-00-00 00:00:00'),
(166,'','Colette','Scales','Colettescales@gmail.com','2016181454','07112','','','2021-02-07 07:20:39','0000-00-00 00:00:00'),
(167,'','Santa','Berihuete ','Santy1177@aol.com','646-281-2288','','','','2021-02-07 14:27:52','0000-00-00 00:00:00'),
(168,'','Dashawn','Alonzo','Dashawnzoe77@gmail.com','9174975397','10457','','','2021-02-07 16:27:28','0000-00-00 00:00:00'),
(169,'','Yasmine','Kelly','Yasmine.kelly99@gmail.com','7187304124','11203','','','2021-02-07 20:12:17','0000-00-00 00:00:00'),
(170,'','Jack','Toussaint','jjet1964@gmail.com','3474161913','','','','2021-02-07 23:20:46','0000-00-00 00:00:00'),
(171,'','Josiah','Nimely','joblak718@yahoo.com','9738188154','','','','2021-02-08 00:37:43','0000-00-00 00:00:00'),
(172,'','Niguel','Douglas','primehastime@gmail.com','9293631305','11234','','','2021-02-08 05:16:04','0000-00-00 00:00:00'),
(173,'','Nicolas','PERRELLI','jperrelli@nyc.rr.com','3477495163','11206','','','2021-02-08 12:43:56','0000-00-00 00:00:00'),
(174,'','André','Medford','andregm1021@hotmail.com','5188676331','','','','2021-02-08 14:19:52','0000-00-00 00:00:00'),
(175,'','Amenata','Sillah','asylla95@outlook.com','6462060757','','','','2021-02-08 15:57:40','0000-00-00 00:00:00'),
(176,'','Keanu','Collins','Collinskeanu@yahoo.com','9145623389','10705','','','2021-02-08 16:08:28','0000-00-00 00:00:00'),
(177,'','Amabilis','Mosquera','amabilis.mosquera@gmail.com','347-956-1831','','','','2021-02-08 16:19:17','0000-00-00 00:00:00'),
(178,'','JOHN','SHERWOOD','JOHNLSHERWOOD@OPTONLINE.NET','914-751-9168','','','','2021-02-08 16:47:23','0000-00-00 00:00:00'),
(179,'','Brenda','Harris','raysmom1219@aol.com','7187723087','','','','2021-02-08 16:59:02','0000-00-00 00:00:00'),
(180,'','Maria','Gonzalez','maria.gonzalezkendra@gmail.com','(321) 576-8550','','','','2021-02-08 17:37:20','0000-00-00 00:00:00'),
(181,'','Patricia','Howlett','peg6710@yahoo.com','2019122237','','','','2021-02-08 20:32:12','0000-00-00 00:00:00'),
(182,'','Tiffany K','Payne','tkennetta@yahoo.com','6263670252','','','','2021-02-08 21:20:35','0000-00-00 00:00:00'),
(183,'','Andre','Patterson','pattersonandre182@gmail.com','9292289449','','','','2021-02-08 22:28:17','0000-00-00 00:00:00'),
(184,'','Chiselle','Simmons mootoo','Chizelle2012@gmail.com','5164459737','','','','2021-02-09 14:52:25','0000-00-00 00:00:00'),
(185,'','Shantagg','brown','shantabrown73@gmail.com','6464319385','','','','2021-02-09 15:22:59','0000-00-00 00:00:00'),
(186,'','Kory ','Gittens ','Hfq18@icloud.com','9292040782','','','','2021-02-09 16:52:15','0000-00-00 00:00:00'),
(187,'','Roy','Braithwaite','Sitymacbk0303@gmail.com','5165473644','','','','2021-02-09 22:15:19','0000-00-00 00:00:00'),
(188,'','Angie','Flores','flores.angie18@gmail.com','6319910749','11757','','','2021-02-09 23:37:13','0000-00-00 00:00:00'),
(189,'','Sharon','Pyle','Spyle11@aol.com','9176870078','','','','2021-02-10 00:23:50','0000-00-00 00:00:00'),
(190,'','Denise','Brown','denise.denice.b16@gmail.com','3476239454','','','','2021-02-10 00:31:46','0000-00-00 00:00:00'),
(191,'','Denise','Cherry','dmcherry20@gmail.com','7182900717','','','','2021-02-10 12:42:51','0000-00-00 00:00:00'),
(192,'','William ','Fernandez','Familiaprimero0322@gmail.com','347-345-9373','','','','2021-02-10 17:32:51','0000-00-00 00:00:00'),
(193,'','Trevor','Chamier','Trevorchamier@gmail.com','6314452552','11719','','','2021-02-10 17:43:22','0000-00-00 00:00:00'),
(194,'','Konstantinos ','Mocas','gus.mocas1@gmail.com','914-207-5842','','','','2021-02-10 17:46:20','0000-00-00 00:00:00'),
(195,'','Alex','Gray','Dakomplec14it@gmail.com','2146730516','','','','2021-02-10 22:04:59','0000-00-00 00:00:00'),
(196,'','Michael ','Campbell','Www.bentleepbl@icloud.com','9297240461','','','','2021-02-10 22:29:02','0000-00-00 00:00:00'),
(197,'','Michael ','Campbell ','Bentleepbl@icloud.com','9297240461','','','','2021-02-10 22:30:41','0000-00-00 00:00:00'),
(198,'','Elsie','Chatel','lc6157@aol.com','6466453454','','','','2021-02-10 22:37:06','0000-00-00 00:00:00'),
(199,'','Haeson','Chang ','iristhegardenview@gmail.com','9176283109','','','','2021-02-10 22:49:14','0000-00-00 00:00:00'),
(200,'','Rameen','Aminzadeh','rameen4real@gmail.com','4109807717','','','','2021-02-10 23:08:13','0000-00-00 00:00:00'),
(201,'','Nisha','Ali','alinisha22@yahoo.com','7189137399','','','','2021-02-10 23:17:54','0000-00-00 00:00:00'),
(202,'','Yesenia','Santini','yesi10457@gmail.com','7188257630','','','','2021-02-11 04:41:09','0000-00-00 00:00:00'),
(203,'','Kerna','Poole','kpoole8567@hotmail.com','3479397352','','','','2021-02-11 16:00:38','0000-00-00 00:00:00'),
(204,'','Lushiel ','Brown','Lushielbrown33@gmail.com','9292644478','','','','2021-02-11 17:54:14','0000-00-00 00:00:00'),
(205,'','Lushiel ','Brown','Lushiellbrown34@gmail.com','9294501066','','','','2021-02-11 18:07:42','0000-00-00 00:00:00'),
(206,'','Delilah','Acevedo','chyna619@aol.com','3475314383','10473','','','2021-02-12 06:10:09','0000-00-00 00:00:00'),
(207,'','Isaiah','Mason','Isaiahmason17@gmail.com','3477428752','11207','','','2021-02-12 08:42:57','0000-00-00 00:00:00'),
(208,'','Tyrone','Jackson','Tyetyejack2986@gmail.com','3472770755','10030','','','2021-02-12 08:53:59','0000-00-00 00:00:00'),
(209,'','Galves','Victoria','viki_galves@hotmsil.com','9178853783','','','','2021-02-12 12:59:06','0000-00-00 00:00:00'),
(210,'','Ashley','Wall','Ashley.w.724@gmail.com','3478200955','','','','2021-02-12 16:52:00','0000-00-00 00:00:00'),
(211,'','Rosaly','Santana','rosaly.santana@gmail.com','9175697034','','','','2021-02-12 18:40:53','0000-00-00 00:00:00'),
(212,'','Laverne','Aponte','apontelaverne@gmail.com','908-246-6853','','','','2021-02-12 19:29:17','0000-00-00 00:00:00'),
(213,'','Quanita','Hailey','Qhailey1@gmail.com','5132954424','11226','','','2021-02-12 21:44:42','0000-00-00 00:00:00'),
(214,'','Constance','Hall','chefjanhall@gmail.com','7703697718','','','','2021-02-12 22:49:57','0000-00-00 00:00:00'),
(215,'','Eddie','sanchez','broaday.4@gmail.com','3472390445','','','','2021-02-13 06:21:36','0000-00-00 00:00:00'),
(216,'','Joseph','Anang','delakofi60@gmail.com','4962999608','11432-5014','','','2021-02-13 10:47:06','0000-00-00 00:00:00'),
(217,'','Bryant','Alvarez','Bryantalvarez4242@gmail.com','8188596784','','','','2021-02-13 14:46:20','0000-00-00 00:00:00'),
(218,'','Khadija','Gumaneh','khadijagumaneh672@gmail.com','3472615934','10459','','','2021-02-13 15:28:16','0000-00-00 00:00:00'),
(219,'','Khadija','Gumaneh','khadija.gumaneh@bsswa.org','3472615934','10459','','','2021-02-13 15:30:30','0000-00-00 00:00:00'),
(220,'','marvin','grady','marvingrady700@gmail.com','6462211381','','','','2021-02-13 17:53:59','0000-00-00 00:00:00'),
(221,'','LISE','BLYDEN','LADYMOON4112@aol.com','7189260862','','','','2021-02-13 17:58:08','0000-00-00 00:00:00'),
(222,'','Jesus','Velasco','Sarrahbi@hotmail.com','3478803267','','','','2021-02-13 22:18:45','0000-00-00 00:00:00'),
(223,'','Lois','Richardson','Loisr0908@gmail.com','3473599693','11236','','','2021-02-14 03:27:47','0000-00-00 00:00:00'),
(224,'','Natividad','Jaime ','lesnyjaime@yahoo.com','3472838093','','','','2021-02-15 04:30:10','0000-00-00 00:00:00'),
(225,'','Mark','Lever','mwlever1962@gmail.com','516-262-8087','11553','','','2021-02-15 13:39:29','0000-00-00 00:00:00'),
(226,'','Teresa','Lago','Teresa.lago28@gmail.com','2016473917','','','','2021-02-15 15:00:00','0000-00-00 00:00:00'),
(227,'','Noelle','Vanmanen','VANMANEN.N@GMAIL.COM','5165192541','','','','2021-02-15 16:02:00','0000-00-00 00:00:00'),
(228,'','Lisa','Derosso','lisaderosso@gmail.com','9149200605','','','','2021-02-15 16:17:11','0000-00-00 00:00:00'),
(229,'','Robert','Crockett','Robertcrockett78@gmail.com','3477840620','','','','2021-02-15 16:19:24','0000-00-00 00:00:00'),
(230,'','Robert','Crockett','Robertcrockett@gmail.com','3477840620','','','','2021-02-15 16:27:45','0000-00-00 00:00:00'),
(231,'','Margaret ','Chin ','margochin2000@yahoo.com','3476646054','','','','2021-02-15 17:58:12','0000-00-00 00:00:00'),
(232,'','charlene','coppedge','ccoppedge10031@yahoo.com','9176534077','','','','2021-02-15 18:21:55','0000-00-00 00:00:00'),
(233,'','Mary','Earvolino','Marybe64@verizon.net','5164458360','','','','2021-02-15 19:00:09','0000-00-00 00:00:00'),
(234,'','Regina','Jordan','rgnjrdn17@gmail.com','9292584019','','','','2021-02-15 19:02:36','0000-00-00 00:00:00'),
(235,'','Randy','Reyes ','r.natanael.r@icloud.com','347-6343816','','','','2021-02-15 19:28:01','0000-00-00 00:00:00'),
(236,'','Sylvia','Menard','jasminemenard26@gmail.com','9177566664','','','','2021-02-15 20:34:22','0000-00-00 00:00:00'),
(237,'','Olga','Ortiz ','cortiz12882@yahoo.com','3477853927','','','','2021-02-15 22:50:44','0000-00-00 00:00:00'),
(238,'','Francois','Blood','francoisblood@gmail.com','3474919337','10027','','','2021-02-16 01:36:06','0000-00-00 00:00:00'),
(239,'','Seth','Berman','diamonds909@gmail.com','(516) 524-3398','11561','','','2021-02-16 02:50:55','0000-00-00 00:00:00'),
(240,'','RandyDavid','Genil','randydavidg@icloud.com','9296001100','','','','2021-02-16 15:38:00','0000-00-00 00:00:00'),
(241,'','Gilberto','Alvarez Castro','granadosxiomara9@gmail.com','(908) 499-0389','','','','2021-02-16 15:38:33','0000-00-00 00:00:00'),
(242,'','Jovan','Gutierrez','jovan.gutierrez28@gmail.com','9179137828','','','','2021-02-16 15:57:46','0000-00-00 00:00:00'),
(243,'','Rosa ','Tabat','ejtabar@gmail.com','3479284749','','','','2021-02-16 16:51:22','0000-00-00 00:00:00'),
(244,'','Isadora','Miale','Fdori822@gmail.com','5166476818','','','','2021-02-16 20:14:29','0000-00-00 00:00:00'),
(245,'','Terrell','Gibbs','tjsgibbs@gmail.com','3479285632','10464','','','2021-02-16 20:46:30','0000-00-00 00:00:00'),
(246,'','Greg','Emeribe','beatknockaz23@gmail.com','5167707065','','','','2021-02-16 21:04:16','0000-00-00 00:00:00'),
(247,'','agustin','Sarabia','agustin_sarabia@hotmail.com','3329993981','','','','2021-02-16 22:17:44','0000-00-00 00:00:00'),
(248,'','Taurye','Wilson','Livelovelife629@gmail.com','5164397084','','','','2021-02-17 08:35:07','0000-00-00 00:00:00');

/*Table structure for table `ci_general_settings` */

DROP TABLE IF EXISTS `ci_general_settings`;

CREATE TABLE `ci_general_settings` (
  `id` int(11) NOT NULL AUTO_INCREMENT,
  `favicon` varchar(255) DEFAULT NULL,
  `logo` varchar(255) DEFAULT NULL,
  `application_name` varchar(255) DEFAULT NULL,
  `timezone` varchar(255) DEFAULT NULL,
  `currency` varchar(100) DEFAULT NULL,
  `copyright` tinytext DEFAULT NULL,
  `email_from` varchar(100) NOT NULL,
  `smtp_host` varchar(255) DEFAULT NULL,
  `smtp_port` int(11) DEFAULT NULL,
  `smtp_user` varchar(50) DEFAULT NULL,
  `smtp_pass` varchar(50) DEFAULT NULL,
  `facebook_link` varchar(255) DEFAULT NULL,
  `twitter_link` varchar(255) DEFAULT NULL,
  `google_link` varchar(255) DEFAULT NULL,
  `youtube_link` varchar(255) DEFAULT NULL,
  `linkedin_link` varchar(255) DEFAULT NULL,
  `instagram_link` varchar(255) DEFAULT NULL,
  `recaptcha_status` int(11) NOT NULL DEFAULT 0,
  `recaptcha_secret_key` varchar(255) DEFAULT NULL,
  `recaptcha_site_key` varchar(255) DEFAULT NULL,
  `recaptcha_lang` varchar(50) DEFAULT NULL,
  `paypal_is_sandbox` tinyint(4) DEFAULT NULL,
  `paypal_sandbox_url` varchar(255) DEFAULT NULL,
  `paypal_live_url` varchar(255) DEFAULT NULL,
  `paypal_email` varchar(255) DEFAULT NULL,
  `paypal_cur_code` varchar(5) DEFAULT NULL,
  `stripe_secret_key` varchar(255) DEFAULT NULL,
  `stripe_publish_key` varchar(255) DEFAULT NULL,
  `default_language` varchar(255) DEFAULT NULL COMMENT 'set from the Languages section in admin side',
  `created_date` datetime DEFAULT NULL,
  `updated_date` datetime DEFAULT NULL,
  PRIMARY KEY (`id`)
) ENGINE=MyISAM AUTO_INCREMENT=2 DEFAULT CHARSET=utf8;

/*Data for the table `ci_general_settings` */

insert  into `ci_general_settings`(`id`,`favicon`,`logo`,`application_name`,`timezone`,`currency`,`copyright`,`email_from`,`smtp_host`,`smtp_port`,`smtp_user`,`smtp_pass`,`facebook_link`,`twitter_link`,`google_link`,`youtube_link`,`linkedin_link`,`instagram_link`,`recaptcha_status`,`recaptcha_secret_key`,`recaptcha_site_key`,`recaptcha_lang`,`paypal_is_sandbox`,`paypal_sandbox_url`,`paypal_live_url`,`paypal_email`,`paypal_cur_code`,`stripe_secret_key`,`stripe_publish_key`,`default_language`,`created_date`,`updated_date`) values 
(1,'public/images/877e94d5a62773345a4416181dbe7908.png','public/images/631c63f71c06a8b35fd1f9f0cc190e28.png','GEM Admin Panel','America/Adak','USD','Copyright © 2021 GEM PawnBrokers','info@domain.com','ssl://smtp.gmail.com',465,'info@domain.com','info@domain.com','https://facebook.com','https://twitter.com','https://google.com','https://youtube.com','https://linkedin.com','https://instagram.com',0,'6Le0HZIUAAAAABxzALAPxfn_EvPTQEkDtxZm2OxQ','6Le0HZIUAAAAAGlN837KsF6nbXsjZ0KeU2q','en',0,'','','','','','','english','2021-01-04 00:00:00','2021-01-04 00:00:00');

/*Table structure for table `ci_item` */

DROP TABLE IF EXISTS `ci_item`;

CREATE TABLE `ci_item` (
  `id` int(11) NOT NULL AUTO_INCREMENT,
  `item` varchar(50) NOT NULL,
  PRIMARY KEY (`id`)
) ENGINE=MyISAM AUTO_INCREMENT=6 DEFAULT CHARSET=utf8;

/*Data for the table `ci_item` */

insert  into `ci_item`(`id`,`item`) values 
(1,'Jewelry'),
(2,'Electronics'),
(3,'Watches'),
(4,'Fashion Goods'),
(5,'Others');

/*Table structure for table `ci_media` */

DROP TABLE IF EXISTS `ci_media`;

CREATE TABLE `ci_media` (
  `id` int(11) NOT NULL AUTO_INCREMENT,
  `filename` varchar(255) NOT NULL,
  `path` varchar(255) NOT NULL,
  `extension` varchar(50) NOT NULL,
  `original_filename` varchar(255) NOT NULL,
  `size` mediumtext NOT NULL,
  `request_id` int(11) DEFAULT NULL,
  `type` int(11) DEFAULT NULL,
  PRIMARY KEY (`id`)
) ENGINE=MyISAM AUTO_INCREMENT=82 DEFAULT CHARSET=utf8;

/*Data for the table `ci_media` */

insert  into `ci_media`(`id`,`filename`,`path`,`extension`,`original_filename`,`size`,`request_id`,`type`) values 
(1,'Request_1_Photo_0.png','./uploads/files/2021-01','png','Test1 - 1 of 1 - Crew LXL - Back.png','506246',1,1),
(2,'Request_1_Photo_1.png','./uploads/files/2021-01','png','Test1 - 1 of 1 - Crew LXL - Front.png','2894397',1,1),
(3,'Request_3_Photo_0.png','./uploads/files/2021-01','png','Artboard_10.png','23987',3,1),
(4,'Request_3_Photo_1.png','./uploads/files/2021-01','png','Artboard_11.png','14457',3,1),
(5,'Request_3_Photo_2.png','./uploads/files/2021-01','png','Artboard_12.png','26527',3,1),
(6,'Request_3_Receipt.xlsx','./uploads/files/2021-01','xlsx','Error List.xlsx','9595',3,2),
(7,'Request_4_Photo_0.jpg','./uploads/files/2021-01','jpg','20190717_The_Original_ScrapBox_2982_copy_1.jpg','3728696',4,1),
(8,'Request_5_Photo_0.jpg','./uploads/files/2021-01','jpg','20190717_The_Original_ScrapBox_2982_copy_1.jpg','3728696',5,1),
(9,'Request_6_Photo_0.png','./uploads/files/2021-01','png','crafter_avatar.png','493465',6,1),
(10,'Request_6_Receipt.pdf','./uploads/files/2021-01','pdf','Graphic Socks Print Dimensions (August 2020).pdf','489077',6,2),
(11,'Request_7_Photo_0.png','./uploads/files/2021-01','png','Kazoo - 1 of 10 - Crew LXL - Front.png','5357616',7,1),
(12,'Request_9_Photo_0.png','./uploads/files/2021-01','png','Kazoo - 1 of 10 - Crew LXL - Front.png','5357616',9,1),
(13,'Request_10_Photo_0.tiff','./uploads/files/2021-01','tiff','Custom-SM-Front.tiff','1520568',10,1),
(14,'Request_19_Photo_0.png','./uploads/files/2021-01','png','Aaron-Rodgers---Superstar-Stripes-(NFLPA-Green-Bay-Packers)---Crew-LXL---Back.png','139942',19,1),
(15,'Request_23_Photo_0.png','./uploads/files/2021-01','png','Aaron-Rodgers---Superstar-Stripes-(NFLPA-Green-Bay-Packers)---Crew-LXL---Front.png','565791',23,1),
(16,'Request_25_Receipt.jpg','./uploads/files/2021-01','jpg','image.jpg','2165230',25,2),
(17,'Request_26_Photo_0.jpeg','./uploads/files/2021-01','jpeg','6F565254-2F82-4A14-A1C2-C5F66DE15BAE.jpeg','152944',26,1),
(18,'Request_28_Photo_0.jpeg','./uploads/files/2021-01','jpeg','81273168-594B-4C86-B518-8035E7C55198.jpeg','40596',28,1),
(19,'Request_28_Receipt.jpeg','./uploads/files/2021-01','jpeg','F8DE6726-A9D7-4F61-83BD-EFF679D4A393.jpeg','87063',28,2),
(20,'Request_30_Photo_0.jpg','./uploads/files/2021-01','jpg','image.jpg','4562119',30,1),
(21,'Request_38_Photo_0.jpeg','./uploads/files/2021-01','jpeg','354A352F-F15E-4AD2-A927-DBC53B050DD4.jpeg','3077833',38,1),
(22,'Request_38_Photo_1.jpeg','./uploads/files/2021-01','jpeg','129A47FB-DDAE-447B-B892-615B711460A1.jpeg','3351986',38,1),
(23,'Request_38_Photo_2.jpeg','./uploads/files/2021-01','jpeg','E8CC04B6-CAA3-4B54-83C3-0DF80CEC20B4.jpeg','3262217',38,1),
(24,'Request_38_Photo_3.jpeg','./uploads/files/2021-01','jpeg','AF8EBC24-3B03-4989-9902-DCDD21976DDA.jpeg','3113418',38,1),
(25,'Request_38_Photo_4.jpeg','./uploads/files/2021-01','jpeg','7969E6C1-418F-4393-8EE3-957BD90DBFFA.jpeg','3340622',38,1),
(26,'Request_39_Photo_0.jpeg','./uploads/files/2021-01','jpeg','6FB56D07-765A-4608-B949-21911CE35FD5.jpeg','4274756',39,1),
(27,'Request_39_Receipt.jpeg','./uploads/files/2021-01','jpeg','5FA470AA-722C-4518-BFEE-E2C31CB8EDE1.jpeg','307296',39,2),
(28,'Request_40_Receipt.jpeg','./uploads/files/2021-01','jpeg','457ACA4B-FD9F-412E-B506-EB98BD797CF8.jpeg','471067',40,2),
(29,'Request_41_Photo_0.jpeg','./uploads/files/2021-01','jpeg','photo0.jpeg','602287',41,1),
(30,'Request_42_Photo_0.jpg','./uploads/files/2021-01','jpg','IMG_6007.jpg','930296',42,1),
(31,'Request_42_Photo_1.jpg','./uploads/files/2021-01','jpg','IMG_6008.jpg','821553',42,1),
(32,'Request_42_Photo_2.jpg','./uploads/files/2021-01','jpg','IMG_6009.jpg','788382',42,1),
(33,'Request_42_Photo_3.jpg','./uploads/files/2021-01','jpg','IMG_6010.jpg','822988',42,1),
(34,'Request_42_Photo_4.jpg','./uploads/files/2021-01','jpg','IMG_6011.jpg','791534',42,1),
(35,'Request_42_Photo_5.jpg','./uploads/files/2021-01','jpg','IMG_6012.jpg','694584',42,1),
(36,'Request_42_Photo_6.jpg','./uploads/files/2021-01','jpg','IMG_6013.jpg','709102',42,1),
(37,'Request_42_Photo_7.jpg','./uploads/files/2021-01','jpg','IMG_6014.jpg','1183826',42,1),
(38,'Request_42_Photo_8.PNG','./uploads/files/2021-01','PNG','IMG_6015.PNG','1379324',42,1),
(39,'Request_42_Photo_9.PNG','./uploads/files/2021-01','PNG','IMG_6016.PNG','1403291',42,1),
(40,'Request_42_Photo_10.jpg','./uploads/files/2021-01','jpg','IMG_6017.jpg','903564',42,1),
(41,'Request_42_Receipt.PNG','./uploads/files/2021-01','PNG','IMG_6016.PNG','1403291',42,2),
(42,'Request_62_Photo_0.jpg','./uploads/files/2021-02','jpg','16124100888534598263527324559696.jpg','3285691',62,1),
(43,'Request_66_Photo_0.jpeg','./uploads/files/2021-02','jpeg','41AF4589-47E6-4C12-936E-2465C03E1A56.jpeg','1202301',66,1),
(44,'Request_66_Photo_1.jpeg','./uploads/files/2021-02','jpeg','EBCC6EFB-C913-454F-B37D-2259086CBE08.jpeg','594425',66,1),
(45,'Request_69_Photo_0.jpg','./uploads/files/2021-02','jpg','image.jpg','1628793',69,1),
(46,'Request_72_Photo_0.jpeg','./uploads/files/2021-02','jpeg','17BFEAB9-6258-49D4-B351-9C9354BC23C9.jpeg','939223',72,1),
(47,'Request_72_Photo_1.jpeg','./uploads/files/2021-02','jpeg','A59D3A3A-B551-4216-9D6D-4D1BFEA42B0F.jpeg','1772810',72,1),
(48,'Request_72_Photo_2.jpeg','./uploads/files/2021-02','jpeg','140A7B1F-9687-428A-97B9-4B4CBC53734C.jpeg','3048809',72,1),
(49,'Request_76_Photo_0.jpg','./uploads/files/2021-02','jpg','PC itself.jpg','3342180',76,1),
(50,'Request_76_Photo_1.jpg','./uploads/files/2021-02','jpg','pc specs.jpg','3805842',76,1),
(51,'Request_76_Receipt.png','./uploads/files/2021-02','png','Screen Shot 2021-02-08 at 12.10.39 AM.png','1794893',76,2),
(52,'Request_77_Photo_0.jpg','./uploads/files/2021-02','jpg','image.jpg','3729044',77,1),
(53,'Request_77_Receipt.jpg','./uploads/files/2021-02','jpg','image.jpg','3556491',77,2),
(54,'Request_79_Photo_0.jpg','./uploads/files/2021-02','jpg','image.jpg','3231344',79,1),
(55,'Request_79_Receipt.jpg','./uploads/files/2021-02','jpg','image.jpg','2031239',79,2),
(56,'Request_80_Photo_0.jpeg','./uploads/files/2021-02','jpeg','F57984CE-5855-438E-B9AD-A57FCAB86E08.jpeg','4940871',80,1),
(57,'Request_80_Photo_1.jpeg','./uploads/files/2021-02','jpeg','EBBB839F-5F78-4C62-9BB2-B6FA41286F3A.jpeg','3779383',80,1),
(58,'Request_80_Photo_2.jpeg','./uploads/files/2021-02','jpeg','5383182F-1666-4E1C-BEDB-0AA8B5E8AB98.jpeg','4193329',80,1),
(59,'Request_80_Receipt.png','./uploads/files/2021-02','png','237B89EA-7912-45B3-AB06-EBADC6CA5264.png','487821',80,2),
(60,'Request_84_Photo_0.jpeg','./uploads/files/2021-02','jpeg','ADF589E6-5607-422C-A297-509324FA820F.jpeg','383838',84,1),
(61,'Request_84_Photo_1.jpeg','./uploads/files/2021-02','jpeg','779528E0-D9E0-4C2C-A102-B22496EC90A9.jpeg','177075',84,1),
(62,'Request_84_Photo_2.jpeg','./uploads/files/2021-02','jpeg','CB224A4D-5DDB-40BF-AE70-E2CC56769BE2.jpeg','251793',84,1),
(63,'Request_84_Receipt.jpg','./uploads/files/2021-02','jpg','image.jpg','2581889',84,2),
(64,'Request_85_Photo_0.jpg','./uploads/files/2021-02','jpg','IMG-20210203-WA0013[1].jpg','62719',85,1),
(65,'Request_85_Receipt.jpg','./uploads/files/2021-02','jpg','20210213_100532[1].jpg','40469',85,2),
(66,'Request_89_Photo_0.jpg','./uploads/files/2021-02','jpg','image.jpg','2542148',89,1),
(67,'Request_90_Photo_0.jpeg','./uploads/files/2021-02','jpeg','F6DC1388-F04C-4D17-A620-DE9153A990B9.jpeg','3497039',90,1),
(68,'Request_90_Photo_1.jpeg','./uploads/files/2021-02','jpeg','EE013FB2-E882-422F-AD91-A6B3D435A559.jpeg','3035364',90,1),
(69,'Request_90_Photo_2.jpeg','./uploads/files/2021-02','jpeg','DB97138A-425C-4039-866C-0BAF891C2B8C.jpeg','3814022',90,1),
(70,'Request_90_Photo_3.jpeg','./uploads/files/2021-02','jpeg','7ABB1969-B426-4A76-BFAA-4256909EE3F3.jpeg','4715255',90,1),
(71,'Request_90_Photo_4.jpeg','./uploads/files/2021-02','jpeg','73435F80-FC78-406E-BCC1-1DAEA6E6545F.jpeg','4178617',90,1),
(72,'Request_90_Photo_5.jpeg','./uploads/files/2021-02','jpeg','988C5517-91B5-4D86-8DBC-3187C995FD25.jpeg','3111377',90,1),
(73,'Request_90_Photo_6.jpeg','./uploads/files/2021-02','jpeg','F1D60197-4EF6-4707-90EE-0296E65C7322.jpeg','3348034',90,1),
(74,'Request_90_Receipt.jpg','./uploads/files/2021-02','jpg','image.jpg','2434816',90,2),
(75,'Request_91_Photo_0.jpeg','./uploads/files/2021-02','jpeg','168D2B73-96C9-4F55-B362-C80860BE91FF.jpeg','3347030',91,1),
(76,'Request_91_Photo_1.jpeg','./uploads/files/2021-02','jpeg','B3499720-B229-43A2-B93A-9AF3A8B414EC.jpeg','2258119',91,1),
(77,'Request_91_Photo_2.jpeg','./uploads/files/2021-02','jpeg','F7479E78-5DC5-4E22-B820-59133E7A8B3F.jpeg','2418198',91,1),
(78,'Request_91_Photo_3.jpeg','./uploads/files/2021-02','jpeg','669ABE8B-01AF-431F-B1FB-841804F41D79.jpeg','2800814',91,1),
(79,'Request_92_Photo_0.HEIC','./uploads/files/2021-02','HEIC','IMG_0145.HEIC','1268383',92,1),
(80,'Request_92_Photo_1.HEIC','./uploads/files/2021-02','HEIC','IMG_0146.HEIC','1356701',92,1),
(81,'Request_92_Photo_2.HEIC','./uploads/files/2021-02','HEIC','IMG_0147.HEIC','1340659',92,1);

/*Table structure for table `ci_payment_type` */

DROP TABLE IF EXISTS `ci_payment_type`;

CREATE TABLE `ci_payment_type` (
  `id` int(11) NOT NULL AUTO_INCREMENT,
  `type` varchar(255) NOT NULL,
  PRIMARY KEY (`id`)
) ENGINE=MyISAM AUTO_INCREMENT=3 DEFAULT CHARSET=utf8;

/*Data for the table `ci_payment_type` */

insert  into `ci_payment_type`(`id`,`type`) values 
(1,'Existing Loan'),
(2,'Layaway Item');

/*Table structure for table `ci_payments` */

DROP TABLE IF EXISTS `ci_payments`;

CREATE TABLE `ci_payments` (
  `id` int(11) NOT NULL AUTO_INCREMENT,
  `pledge1` varchar(100) NOT NULL,
  `pledge2` varchar(100) NOT NULL,
  `pledge3` varchar(100) NOT NULL,
  `pledge4` varchar(100) NOT NULL,
  `pledge5` varchar(100) NOT NULL,
  `type` int(2) NOT NULL,
  `type1` varchar(255) NOT NULL,
  `type2` varchar(255) NOT NULL,
  `amount` float NOT NULL,
  `ticket` varchar(300) NOT NULL,
  `store` int(10) NOT NULL,
  `mark_read` int(1) NOT NULL DEFAULT 0,
  `customer_id` int(11) NOT NULL,
  `created_at` datetime NOT NULL,
  `updated_at` datetime NOT NULL,
  PRIMARY KEY (`id`)
) ENGINE=MyISAM AUTO_INCREMENT=257 DEFAULT CHARSET=utf8;

/*Data for the table `ci_payments` */

insert  into `ci_payments`(`id`,`pledge1`,`pledge2`,`pledge3`,`pledge4`,`pledge5`,`type`,`type1`,`type2`,`amount`,`ticket`,`store`,`mark_read`,`customer_id`,`created_at`,`updated_at`) values 
(154,'LT-G08006983','LT-G08006984','LT-G08006985','','',1,'Renew','',0,'',5,0,156,'2021-02-05 22:49:28','0000-00-00 00:00:00'),
(157,'LT-G14045513','','','','',1,'Extend','',0,'',11,0,158,'2021-02-06 17:25:07','0000-00-00 00:00:00'),
(156,'LT-G14046088','','','','',1,'Renew','',0,'',11,0,119,'2021-02-06 15:51:16','0000-00-00 00:00:00'),
(155,'LT-G14045493','','','','',1,'Extend','',0,'',11,0,157,'2021-02-06 15:47:55','0000-00-00 00:00:00'),
(153,'LT-G01075136','LT-G08007736','LT-G08007737','LT-G08007738','LT-G18010793',1,'Renew','',0,'',25,0,156,'2021-02-05 22:35:30','0000-00-00 00:00:00'),
(152,'LT-L26015402','LT-L26015403','','','',1,'Extend','',0,'',14,0,155,'2021-02-05 21:12:51','0000-00-00 00:00:00'),
(150,'LT-H41006382','LT-H41006383','','','',1,'Extend','',0,'',20,0,153,'2021-02-05 20:58:21','0000-00-00 00:00:00'),
(151,'LT-L26015402','LT-L26015403','','','',1,'Extend','',0,'',14,0,155,'2021-02-05 21:09:43','0000-00-00 00:00:00'),
(149,'LT-G14044883','','','','',1,'Extend','',0,'./uploads/files/2021-02/Ticket_149.jpeg',11,0,152,'2021-02-05 20:30:37','0000-00-00 00:00:00'),
(109,'LT-G14036017','','','','',1,'','',0,'',11,0,120,'2021-02-03 18:06:55','0000-00-00 00:00:00'),
(110,'LT-G14046805','','','','',1,'','',0,'',11,0,121,'2021-02-03 19:07:34','0000-00-00 00:00:00'),
(111,'LT-G05015223','LT-G05015224','','','',1,'','',0,'',9,0,105,'2021-02-03 19:55:46','0000-00-00 00:00:00'),
(112,'LT-G01073994','','','','',1,'','',0,'',1,0,123,'2021-02-03 21:53:27','0000-00-00 00:00:00'),
(113,'LT-G01073081','LT-G01073082','','','',1,'','',0,'',1,0,124,'2021-02-03 23:37:06','0000-00-00 00:00:00'),
(114,'LT-G01073079','','','','',1,'','',0,'',1,0,124,'2021-02-03 23:45:43','0000-00-00 00:00:00'),
(115,'LT-L21044480','LT-L21044481','','','',1,'','',0,'',24,0,125,'2021-02-04 01:14:52','0000-00-00 00:00:00'),
(116,'LT-G03017258','','','','',1,'','',0,'',15,0,127,'2021-02-04 04:08:16','0000-00-00 00:00:00'),
(117,'LT-G08005863','LT-G08008178','LT-G08005723','LT-G08005908','LT-G08006767',1,'','',0,'',5,0,128,'2021-02-04 14:44:14','0000-00-00 00:00:00'),
(118,'LT-G14046412','','','','',2,'','',0,'',11,0,129,'2021-02-04 15:04:03','0000-00-00 00:00:00'),
(119,'LT-G01070917','','','','',1,'','',0,'',1,0,130,'2021-02-04 15:31:48','0000-00-00 00:00:00'),
(120,'LT-G07028401','','','','',1,'','',0,'',4,0,131,'2021-02-04 17:22:45','0000-00-00 00:00:00'),
(121,'LT-G02033378','','','','',1,'','',0,'',2,0,132,'2021-02-04 17:53:13','0000-00-00 00:00:00'),
(122,'LT-L27029011','LT-L27029012','','','',1,'','',0,'',8,0,133,'2021-02-04 18:09:59','0000-00-00 00:00:00'),
(123,'LT-G01073428','LT-G01073429','','','',1,'','',0,'',1,0,134,'2021-02-04 19:23:40','0000-00-00 00:00:00'),
(124,'LT-G01073572','','','','',1,'','',0,'',1,0,135,'2021-02-04 19:59:44','0000-00-00 00:00:00'),
(125,'LT-L27027332','LT-L27027333','','','',1,'','',0,'',8,0,133,'2021-02-04 21:28:56','0000-00-00 00:00:00'),
(126,'LT-L22023113','','','','',1,'','',0,'',7,0,136,'2021-02-04 21:44:18','0000-00-00 00:00:00'),
(127,'LT-270273333','','','','',1,'','',0,'',8,0,133,'2021-02-04 21:55:29','0000-00-00 00:00:00'),
(128,'LT-L27027332','','','','',1,'','',0,'',8,0,133,'2021-02-04 22:08:59','0000-00-00 00:00:00'),
(129,'LT-L27027332','','','','',1,'','',0,'',8,0,133,'2021-02-04 22:21:04','0000-00-00 00:00:00'),
(130,'LT-M31004675','','','','',1,'','',0,'',21,1,138,'2021-02-05 00:50:53','0000-00-00 00:00:00'),
(131,'LT-GO1068060','','','','',1,'','',0,'',1,0,139,'2021-02-05 02:22:37','0000-00-00 00:00:00'),
(133,'LT-9M1001169','','','','',1,'','',0,'',2,0,142,'2021-02-05 04:11:47','0000-00-00 00:00:00'),
(135,'LT-G03020408','','','','',1,'','',0,'',15,0,96,'2021-02-05 09:10:25','0000-00-00 00:00:00'),
(137,'LT-G14046783','','','','',1,'','',0,'',11,0,144,'2021-02-05 13:16:28','0000-00-00 00:00:00'),
(139,'LT-G01079969','LT-G01079968','','','',1,'Extend','',0,'./uploads/files/2021-02/Ticket_139.jpg',1,0,145,'2021-02-05 14:22:05','0000-00-00 00:00:00'),
(140,'LT-G01079969','LT-G01079968','LT-G01079723','','',1,'Renew','',0,'',1,0,146,'2021-02-05 14:32:01','0000-00-00 00:00:00'),
(141,'LT-G01077326','','','','',1,'Renew','',0,'',1,0,147,'2021-02-05 14:34:15','0000-00-00 00:00:00'),
(145,'LT-L29005183','','','','',1,'Extend','',0,'',12,0,150,'2021-02-05 18:36:19','0000-00-00 00:00:00'),
(146,'LT-L27027332','','','','',1,'Extend','',0,'./uploads/files/2021-02/Ticket_146.jpeg',8,0,133,'2021-02-05 18:41:55','0000-00-00 00:00:00'),
(143,'LT-G14046354','LT-G14046353','','','',1,'Extend','',0,'',11,0,148,'2021-02-05 15:15:27','0000-00-00 00:00:00'),
(144,'LT-M31004162','','','','',1,'Extend','',0,'',21,0,149,'2021-02-05 16:12:54','0000-00-00 00:00:00'),
(147,'LT-G02033202','','','','',1,'Extend','',0,'',2,0,151,'2021-02-05 19:04:18','0000-00-00 00:00:00'),
(148,'LT-G02032257','LT-G02029402','','','',1,'Extend','',0,'',2,0,151,'2021-02-05 19:19:59','0000-00-00 00:00:00'),
(71,'LT-G01074244','','','','',1,'','',0,'',1,0,87,'2021-02-01 02:02:01','0000-00-00 00:00:00'),
(72,'LT-G01074244','','','','',1,'','',0,'',1,0,87,'2021-02-01 02:02:53','0000-00-00 00:00:00'),
(73,'ltg13013546','','','','',1,'','',0,'',23,0,88,'2021-02-01 04:02:30','0000-00-00 00:00:00'),
(74,'LT-G13013546','','','','',1,'','',0,'',23,0,89,'2021-02-01 04:02:21','0000-00-00 00:00:00'),
(75,'LT-L22022122-00','','','','',1,'','',0,'',7,0,90,'2021-02-01 12:02:15','0000-00-00 00:00:00'),
(76,'LT-L22022096','LT-22022095','','','',1,'','',0,'',7,0,91,'2021-02-01 04:02:43','0000-00-00 00:00:00'),
(77,'LT-G1079278','','','','',1,'','',0,'',1,0,92,'2021-02-01 07:02:23','0000-00-00 00:00:00'),
(78,'LT-H41006249','','','','',1,'','',0,'',20,0,93,'2021-02-01 07:02:22','0000-00-00 00:00:00'),
(79,'LT-G05019009','','','','',1,'','',0,'',9,0,94,'2021-02-01 07:02:44','0000-00-00 00:00:00'),
(80,'g14045405','','','','',1,'','',0,'',11,0,95,'2021-02-01 08:02:24','0000-00-00 00:00:00'),
(81,'LT-G14047378','','','','',1,'','',0,'',11,0,96,'2021-02-02 12:02:07','0000-00-00 00:00:00'),
(82,'Ltg0800742700','','','','',1,'','',0,'',5,0,97,'2021-02-02 01:02:33','0000-00-00 00:00:00'),
(83,'1001169','','','','',1,'','',0,'',24,0,98,'2021-02-02 10:02:13','0000-00-00 00:00:00'),
(85,'LT-G01073361','','','','',1,'','',0,'',5,0,100,'2021-02-02 02:02:08','0000-00-00 00:00:00'),
(86,'LT-G18010481','','','','',1,'','',0,'',3,0,101,'2021-02-02 03:02:39','0000-00-00 00:00:00'),
(87,'LT-M62008690','','','','',1,'','',0,'',22,0,102,'2021-02-02 03:02:54','0000-00-00 00:00:00'),
(88,'LT-L26018071','LT-L26018070','','','',1,'','',0,'',14,0,103,'2021-02-02 06:02:40','0000-00-00 00:00:00'),
(89,'LT-g13012739','LT-g13013140','LT-g13013141','','',1,'','',0,'',23,0,104,'2021-02-02 08:02:38','0000-00-00 00:00:00'),
(90,'LT-L29001355','','','','',2,'','',0,'',1,0,59,'2021-02-02 08:02:41','0000-00-00 00:00:00'),
(91,'LT-G05015223','','','','',1,'','',0,'',9,0,105,'2021-02-02 08:02:06','0000-00-00 00:00:00'),
(92,'LT-G14046487','','','','',1,'','',0,'',11,0,106,'2021-02-02 08:02:22','0000-00-00 00:00:00'),
(93,'LT-G14046491','LT-G14046490','','','',1,'','',0,'',11,0,106,'2021-02-02 08:02:52','0000-00-00 00:00:00'),
(94,'LT-L22012860','','','','',1,'','',0,'',7,0,107,'2021-02-02 09:02:11','0000-00-00 00:00:00'),
(95,'LT-G14042658','LT-G14042659','LT-G14042657','','',1,'','',0,'',11,0,108,'2021-02-02 09:02:31','0000-00-00 00:00:00'),
(96,'LT-G06019911','LT-G06019910','','','',1,'','',0,'',10,0,109,'2021-02-02 09:02:33','0000-00-00 00:00:00'),
(97,'LT-G14046493','','','','',1,'','',0,'',11,0,110,'2021-02-02 11:02:02','0000-00-00 00:00:00'),
(98,'LT-G01073665','','','','',1,'','',0,'',1,0,111,'2021-02-02 11:02:25','0000-00-00 00:00:00'),
(99,'LT-G02034101','','','','',1,'','',0,'',2,1,112,'2021-02-03 12:02:22','0000-00-00 00:00:00'),
(100,'LT-M31003920','LT-M31004462','','','',1,'','',0,'',21,0,113,'2021-02-03 01:02:24','0000-00-00 00:00:00'),
(107,'LT-G05018810','','','','',1,'','',0,'',9,0,118,'2021-02-03 17:37:46','0000-00-00 00:00:00'),
(108,'LT-G14046088','','','','',1,'','',0,'',11,0,119,'2021-02-03 17:52:35','0000-00-00 00:00:00'),
(158,'LT-L21044925','','','','',1,'Extend','',0,'',24,0,159,'2021-02-06 17:54:50','0000-00-00 00:00:00'),
(105,'LT-L26018070','LT-L26018071','','','',1,'','',0,'',14,1,103,'2021-02-03 14:26:19','0000-00-00 00:00:00'),
(106,'LT-G01070290','LT-G01070289','','','',1,'','',0,'',1,0,116,'2021-02-03 15:08:43','0000-00-00 00:00:00'),
(159,'LT-G01070880','','','','',1,'Renew','',0,'',1,0,160,'2021-02-06 18:27:44','0000-00-00 00:00:00'),
(160,'LT-G18009365','','','','',1,'Extend','',0,'./uploads/files/2021-02/Ticket_160.jpg',3,0,161,'2021-02-06 18:31:56','0000-00-00 00:00:00'),
(161,'LT-H41004462','','','','',1,'Extend','',0,'',20,0,162,'2021-02-06 19:57:11','0000-00-00 00:00:00'),
(162,'LT-L22022182','LT-L22022181','LT-L22022183','','',1,'Extend','',0,'',7,0,163,'2021-02-06 20:19:42','0000-00-00 00:00:00'),
(163,'LT-G07032576','','','','',1,'Renew','',0,'',4,0,164,'2021-02-06 20:33:37','0000-00-00 00:00:00'),
(164,'LT-V51007636','','','','',1,'Extend','',0,'',19,0,165,'2021-02-06 23:01:34','0000-00-00 00:00:00'),
(165,'LT-V51008199','LT-V51008200','LT-V51008201','','',1,'Extend','',0,'',19,1,66,'2021-02-07 01:21:37','0000-00-00 00:00:00'),
(166,'LT-G07028824','','','','',1,'Extend','',0,'',4,1,66,'2021-02-07 01:23:43','0000-00-00 00:00:00'),
(167,'LT-V51008199','','','','',1,'Extend','',0,'',19,1,66,'2021-02-07 01:34:55','0000-00-00 00:00:00'),
(168,'LT-L21043058','','','','',1,'Renew','',0,'',24,1,167,'2021-02-07 14:27:52','0000-00-00 00:00:00'),
(169,'LT-G02030833','','','','',1,'Renew','',0,'',2,1,170,'2021-02-07 23:20:46','0000-00-00 00:00:00'),
(170,'LT-G01073914','LT-G01073913','','','',2,'','Minimum Amount',0,'',1,1,171,'2021-02-08 00:37:43','0000-00-00 00:00:00'),
(171,'LT-G03019054','','','','',2,'','Minimum Amount',0,'',26,1,174,'2021-02-08 14:19:52','0000-00-00 00:00:00'),
(172,'LT-G03019054','','','','',2,'','Minimum Amount',251,'',15,1,174,'2021-02-08 14:23:02','0000-00-00 00:00:00'),
(173,'LT-G03019054','','','','',2,'','Custom Amount',251,'',15,1,174,'2021-02-08 14:26:13','0000-00-00 00:00:00'),
(174,'LT-G03019054','','','','',2,'','Custom Amount',251,'',15,1,174,'2021-02-08 14:37:07','0000-00-00 00:00:00'),
(175,'LT-G03019054','','','','',2,'','Minimum Amount',251,'',15,1,174,'2021-02-08 15:51:11','0000-00-00 00:00:00'),
(176,'LT-L21047060','','','','',1,'Extend','',0,'',24,1,175,'2021-02-08 15:57:40','0000-00-00 00:00:00'),
(177,'LT-G02034042','','','','',1,'Extend','',0,'./uploads/files/2021-02/Ticket_177.jpg',2,1,177,'2021-02-08 16:19:17','0000-00-00 00:00:00'),
(178,'LT-G14047470','','','','',1,'Extend','',0,'',11,1,178,'2021-02-08 16:47:23','0000-00-00 00:00:00'),
(179,'LT-G14042272','','','','',1,'Extend','',0,'',26,1,179,'2021-02-08 16:59:02','0000-00-00 00:00:00'),
(180,'LT-G14042272','','','','',1,'Extend','',0,'',26,1,179,'2021-02-08 17:00:15','0000-00-00 00:00:00'),
(181,'LT-G14042272','','','','',1,'Extend','',0,'',11,1,179,'2021-02-08 17:06:08','0000-00-00 00:00:00'),
(182,'LT-G14042272','','','','',1,'Extend','',0,'',26,1,179,'2021-02-08 17:07:03','0000-00-00 00:00:00'),
(183,'LT-H41006086','','','','',1,'Extend','',0,'',20,1,180,'2021-02-08 17:37:20','0000-00-00 00:00:00'),
(184,'LT-G02032434','','','','',1,'Renew','',0,'',26,1,181,'2021-02-08 20:32:12','0000-00-00 00:00:00'),
(185,'LT-L27028843','','','','',1,'Extend','',0,'',8,1,182,'2021-02-08 21:20:35','0000-00-00 00:00:00'),
(186,'LT-G18012079','','','','',2,'','Custom Amount',266.28,'./uploads/files/2021-02/Ticket_186.jpg',3,1,183,'2021-02-08 22:28:17','0000-00-00 00:00:00'),
(187,'LT-G03016458','','','','',1,'Renew','',0,'./uploads/files/2021-02/Ticket_187.jpeg',15,1,184,'2021-02-09 14:52:25','0000-00-00 00:00:00'),
(188,'LT-G14044563','','','','',1,'Extend','',0,'',11,1,185,'2021-02-09 15:22:59','0000-00-00 00:00:00'),
(189,'LT-G03016458','LT-G03016456','LT-G03016455','LT-G03016869','',1,'Renew','',0,'./uploads/files/2021-02/Ticket_189.jpeg',26,1,184,'2021-02-09 16:15:52','0000-00-00 00:00:00'),
(190,'LT-G02033872','LT-G02033871','','','',1,'Extend','',0,'./uploads/files/2021-02/Ticket_190.jpg',2,1,186,'2021-02-09 16:52:15','0000-00-00 00:00:00'),
(191,'LT-M63013261','LT-M63013530','','','',1,'Extend','',0,'',18,1,187,'2021-02-09 22:15:19','0000-00-00 00:00:00'),
(192,'LT-GO1073956','LT-GO1073955','','','',1,'Extend','',0,'',1,1,189,'2021-02-10 00:23:50','0000-00-00 00:00:00'),
(193,'LT-H41D06226','','','','',1,'Extend','',0,'',20,1,190,'2021-02-10 00:31:46','0000-00-00 00:00:00'),
(194,'LT-G01072694','','','','',1,'Extend','',0,'',1,1,191,'2021-02-10 12:42:51','0000-00-00 00:00:00'),
(195,'LT-G02033871','LT-G02033872','','','',2,'','Minimum Amount',0,'',2,1,186,'2021-02-10 14:56:42','0000-00-00 00:00:00'),
(196,'LT-G18010481','','','','',1,'Extend','',0,'',3,1,101,'2021-02-10 16:10:13','0000-00-00 00:00:00'),
(197,'LT-G05019176','','','','',1,'Extend','',0,'',9,1,192,'2021-02-10 17:32:51','0000-00-00 00:00:00'),
(198,'LT-G02032591','','','','',1,'Renew','',0,'',2,1,194,'2021-02-10 17:46:20','0000-00-00 00:00:00'),
(199,'LT-G01071458','','','','',1,'Renew','',0,'',1,1,191,'2021-02-10 18:35:05','0000-00-00 00:00:00'),
(200,'LT-G14047181','','','','',1,'Extend','',0,'',11,1,195,'2021-02-10 22:04:59','0000-00-00 00:00:00'),
(201,'LT-G05018753','','','','',1,'Renew','',0,'',9,1,196,'2021-02-10 22:29:02','0000-00-00 00:00:00'),
(202,'LT-G05018753','','','','',1,'Extend','',0,'',26,1,197,'2021-02-10 22:30:41','0000-00-00 00:00:00'),
(203,'LT-G02032188','','','','',1,'Renew','',0,'',2,1,198,'2021-02-10 22:37:06','0000-00-00 00:00:00'),
(204,'LT-G02032775','','','','',1,'Extend','',0,'',26,1,199,'2021-02-10 22:49:14','0000-00-00 00:00:00'),
(205,'LT-G02032775','','','','',1,'Extend','',0,'',26,1,199,'2021-02-10 22:52:43','0000-00-00 00:00:00'),
(206,'LT-L21045378','','','','',1,'Renew','',0,'',24,1,200,'2021-02-10 23:08:13','0000-00-00 00:00:00'),
(207,'LT-G01073904','','','','',1,'Extend','',0,'',1,1,201,'2021-02-10 23:17:54','0000-00-00 00:00:00'),
(208,'LT-G14046667','LT-G14046666','','','',1,'Renew','',0,'',11,1,202,'2021-02-11 04:41:09','0000-00-00 00:00:00'),
(209,'LT-G01064725','','','','',1,'Extend','',0,'',1,1,203,'2021-02-11 16:00:38','0000-00-00 00:00:00'),
(210,'LT-L21045190','','','','',1,'Extend','',0,'./uploads/files/2021-02/Ticket_210.jpg',24,1,204,'2021-02-11 17:54:14','0000-00-00 00:00:00'),
(211,'LT-L21045190','','','','',1,'Extend','',0,'',24,1,205,'2021-02-11 18:07:42','0000-00-00 00:00:00'),
(212,'LT-G01070509','LT-G01070508','','','',1,'Renew','',0,'',1,1,209,'2021-02-12 12:59:06','0000-00-00 00:00:00'),
(213,'LT-G14043484','','','','',1,'Renew','',0,'',11,1,210,'2021-02-12 16:52:00','0000-00-00 00:00:00'),
(214,'LT-G14043493','','','','',1,'Renew','',0,'',11,1,210,'2021-02-12 16:53:55','0000-00-00 00:00:00'),
(215,'LT-G14046950','LT-G14046951','LT-G14046952','','',1,'Extend','',0,'',11,1,211,'2021-02-12 18:40:53','0000-00-00 00:00:00'),
(216,'LT-G02034380','','','','',1,'Extend','',0,'',2,1,212,'2021-02-12 19:29:17','0000-00-00 00:00:00'),
(217,'LT-G14047199','LT-G14047198','LT-G14047200','LT-G14404721','',1,'Extend','',0,'',11,1,214,'2021-02-12 22:49:57','0000-00-00 00:00:00'),
(218,'LT-L26017544','','','','',1,'Renew','',0,'',14,1,215,'2021-02-13 06:21:36','0000-00-00 00:00:00'),
(219,'LT-L26017283','LT-L26017317','LT-L26017318','LT-L26017324','LT-L26017472',1,'Renew','',0,'',14,1,215,'2021-02-13 06:26:59','0000-00-00 00:00:00'),
(220,'LT-L26017544','','','','',1,'Renew','',0,'./uploads/files/2021-02/Ticket_220.jpg',14,1,215,'2021-02-13 06:31:51','0000-00-00 00:00:00'),
(221,'LT-L26017283','LT-L26017317','LT-L26017318','LT-L26017324','LT-L26017472',1,'Renew','',0,'',14,1,215,'2021-02-13 06:38:46','0000-00-00 00:00:00'),
(222,'LT-M61009180','','','','',1,'Extend','',0,'',16,1,217,'2021-02-13 14:46:20','0000-00-00 00:00:00'),
(223,'LT-V51007346','LT-V51007345','LT-V51008199','','',1,'Renew','',0,'',19,1,66,'2021-02-13 17:00:07','0000-00-00 00:00:00'),
(224,'LT-G01073817','','','','',1,'Extend','',0,'',1,1,220,'2021-02-13 17:53:59','0000-00-00 00:00:00'),
(225,'LT-G01063159','','','','',1,'Extend','',0,'',26,1,221,'2021-02-13 17:58:08','0000-00-00 00:00:00'),
(226,'LT-G01073817','','','','',1,'Extend','',0,'',1,1,220,'2021-02-13 17:58:10','0000-00-00 00:00:00'),
(227,'LT-G01063159','LT-G01069734','','','',1,'Renew','',0,'',1,1,221,'2021-02-13 18:22:02','0000-00-00 00:00:00'),
(228,'LT-V51008295','LT-V51008294','LT-V51008293','LT-V51008292','LT-V51008427',1,'Extend','',0,'',19,1,222,'2021-02-13 22:18:45','0000-00-00 00:00:00'),
(229,'LT-GO7033900','','','','',2,'','Minimum Amount',100,'./uploads/files/2021-02/Ticket_229.jpeg',1,1,224,'2021-02-15 04:30:10','0000-00-00 00:00:00'),
(230,'LT-GO7033900','','','','',2,'','Minimum Amount',250,'./uploads/files/2021-02/Ticket_230.jpeg',1,1,224,'2021-02-15 04:34:59','0000-00-00 00:00:00'),
(231,'LT-G02031979','','','','',1,'Extend','',0,'',2,1,226,'2021-02-15 15:00:00','0000-00-00 00:00:00'),
(232,'LT-V51008305','','','','',1,'Extend','',0,'',19,1,227,'2021-02-15 16:02:00','0000-00-00 00:00:00'),
(233,'LT-G14046383','','','','',2,'','Minimum Amount',104.37,'./uploads/files/2021-02/Ticket_233.jpeg',11,1,228,'2021-02-15 16:17:11','0000-00-00 00:00:00'),
(234,'LT-G14046382','','','','',2,'','Minimum Amount',31.63,'./uploads/files/2021-02/Ticket_234.jpeg',11,1,228,'2021-02-15 16:18:19','0000-00-00 00:00:00'),
(235,'LT-G14043028','','','','',1,'Extend','',0,'',11,1,229,'2021-02-15 16:19:24','0000-00-00 00:00:00'),
(236,'LT-G14044685','LT-G14042607','LT-G14043028','','',1,'Extend','',0,'',11,1,229,'2021-02-15 16:24:16','0000-00-00 00:00:00'),
(237,'LT-G14043028','LT-G14042607','LT-G14044685','','',1,'Extend','',0,'',11,1,230,'2021-02-15 16:27:45','0000-00-00 00:00:00'),
(238,'LT-G14046382','','','','',2,'','Minimum Amount',31.63,'./uploads/files/2021-02/Ticket_238.jpeg',11,1,228,'2021-02-15 16:33:17','0000-00-00 00:00:00'),
(239,'LT-G05017638','','','','',1,'Renew','',0,'',9,1,231,'2021-02-15 17:58:12','0000-00-00 00:00:00'),
(240,'LT-G06022296','LT-2/15/2021','LT-9/17/2020','','',1,'Extend','',0,'',10,1,232,'2021-02-15 18:21:55','0000-00-00 00:00:00'),
(241,'LT-M42006534','','','','',1,'Extend','',0,'',17,1,233,'2021-02-15 19:00:09','0000-00-00 00:00:00'),
(242,'LT-G01073815','LT-G01071575','','','',1,'Extend','',0,'',1,1,234,'2021-02-15 19:02:36','0000-00-00 00:00:00'),
(243,'LT-G14047238','LT-G14047239','','','',1,'Extend','',0,'',11,1,235,'2021-02-15 19:28:01','0000-00-00 00:00:00'),
(244,'LT-G14038223','','','','',1,'Extend','',0,'',11,1,236,'2021-02-15 20:34:22','0000-00-00 00:00:00'),
(245,'LT-G14038223','','','','',2,'','Minimum Amount',177,'',11,1,236,'2021-02-15 20:36:51','0000-00-00 00:00:00'),
(246,'LT-G14034051','LT-G14034052','','','',1,'Extend','',0,'',11,1,237,'2021-02-15 22:50:44','0000-00-00 00:00:00'),
(247,'LT-G06022325','','','','',1,'Extend','',0,'',10,1,240,'2021-02-16 15:38:00','0000-00-00 00:00:00'),
(248,'LT-G07035266','LT-G07035262','LT-G07035263','LT-G07035264','',1,'Extend','',0,'',4,1,241,'2021-02-16 15:38:33','0000-00-00 00:00:00'),
(249,'LT-G14046989','LT-G14047524','','','',1,'Renew','',0,'',11,1,242,'2021-02-16 15:57:46','0000-00-00 00:00:00'),
(250,'LT-G14045226','LT-G14045227','','','',1,'Extend','',0,'',11,1,243,'2021-02-16 16:51:22','0000-00-00 00:00:00'),
(251,'LT-G14045226','LT-G14045227','','','',1,'Extend','',0,'',11,1,243,'2021-02-16 16:53:56','0000-00-00 00:00:00'),
(252,'LT-G14047037','','','','',1,'Extend','',0,'',11,1,179,'2021-02-16 18:44:40','0000-00-00 00:00:00'),
(253,'LT-H41006460','LT-H41006459','','','',1,'Extend','',0,'',20,1,244,'2021-02-16 20:14:29','0000-00-00 00:00:00'),
(254,'LT-H41006481','','','','',1,'Renew','',0,'',20,1,246,'2021-02-16 21:04:16','0000-00-00 00:00:00'),
(255,'LT-L27017976','','','','',1,'Extend','',0,'',8,1,247,'2021-02-16 22:17:44','0000-00-00 00:00:00'),
(256,'LT-M63014431','','','','',2,'','Minimum Amount',75,'',18,0,248,'2021-02-17 08:35:07','0000-00-00 00:00:00');

/*Table structure for table `ci_request` */

DROP TABLE IF EXISTS `ci_request`;

CREATE TABLE `ci_request` (
  `id` int(11) NOT NULL AUTO_INCREMENT,
  `request` varchar(50) NOT NULL,
  PRIMARY KEY (`id`)
) ENGINE=MyISAM AUTO_INCREMENT=3 DEFAULT CHARSET=utf8;

/*Data for the table `ci_request` */

insert  into `ci_request`(`id`,`request`) values 
(1,'Loan'),
(2,'Sell');

/*Table structure for table `ci_requests` */

DROP TABLE IF EXISTS `ci_requests`;

CREATE TABLE `ci_requests` (
  `id` int(11) NOT NULL AUTO_INCREMENT,
  `request_id` int(11) NOT NULL,
  `item_id` int(11) NOT NULL,
  `type` varchar(50) NOT NULL,
  `attrs` mediumtext NOT NULL,
  `price` float DEFAULT NULL,
  `original_price` float DEFAULT NULL,
  `description` mediumtext NOT NULL,
  `mark_read` int(1) NOT NULL DEFAULT 0,
  `customer_id` int(11) NOT NULL,
  `created_at` datetime NOT NULL,
  `updated_at` datetime NOT NULL,
  PRIMARY KEY (`id`)
) ENGINE=MyISAM AUTO_INCREMENT=93 DEFAULT CHARSET=utf8;

/*Data for the table `ci_requests` */

insert  into `ci_requests`(`id`,`request_id`,`item_id`,`type`,`attrs`,`price`,`original_price`,`description`,`mark_read`,`customer_id`,`created_at`,`updated_at`) values 
(24,1,2,'other','{\"electronics type\":\"Ipad\"}',2000,1000,'',0,21,'2021-01-25 08:01:35','0000-00-00 00:00:00'),
(50,1,1,'rings','',0,0,'',0,24,'2021-02-02 10:02:01','0000-00-00 00:00:00'),
(51,1,4,'other','{\"apparel item\":\"\"}',0,0,'',0,24,'2021-02-02 10:02:07','0000-00-00 00:00:00'),
(52,1,1,'earrings','',0,0,'',0,24,'2021-02-02 10:02:14','0000-00-00 00:00:00'),
(53,1,4,'outerwear','{\"outerwear type\":\"jackets\"}',0,0,'',0,24,'2021-02-02 10:02:19','0000-00-00 00:00:00'),
(25,2,4,'outerwear','{\"outerwear type\":\"coats\"}',460,0,'',0,23,'2021-01-25 05:01:47','0000-00-00 00:00:00'),
(47,1,1,'bracelets','',0,0,'',0,24,'2021-02-02 08:02:13','0000-00-00 00:00:00'),
(48,1,3,'breitling','',0,0,'',0,24,'2021-02-02 08:02:35','0000-00-00 00:00:00'),
(49,1,1,'bracelets','',8600,0,'',0,24,'2021-02-02 10:02:49','0000-00-00 00:00:00'),
(28,1,2,'other','{\"electronics type\":\"(Two)  brand new white PlayStation 5 Dualsense wireless controller \"}',0,76.7,'Two brand new never opened PlayStation 5 controllers ',0,25,'2021-01-26 03:01:53','0000-00-00 00:00:00'),
(44,1,1,'bracelets','',1000,0,'',0,24,'2021-02-02 07:02:04','0000-00-00 00:00:00'),
(45,1,1,'bracelets','',1000,0,'',0,24,'2021-02-02 08:02:38','0000-00-00 00:00:00'),
(46,1,4,'footwear','{\"footwear type\":\"heels\"}',500,0,'',0,24,'2021-02-02 08:02:51','0000-00-00 00:00:00'),
(42,2,2,'phone','{\"phone brand\":\"apple\",\"service provider\":\"sprint\",\"What is the make and model number?\":\"Iphone  XR\",\"what is the condition of your phone?\":\"Used\"}',500,749,'Phone is used from 2018 release. It was encased throughout its entire usage. Phone is in great working condition ',1,84,'2021-01-30 11:01:19','0000-00-00 00:00:00'),
(38,2,2,'computer','{\"computer device\":\"laptop\",\"What is the make and model number?\":\"MacBook air\",\"what is the condition of computer device?\":\"New\"}',900,1,'Brand new used less than 10 times. Comes w box and chords ',1,53,'2021-01-29 07:01:52','0000-00-00 00:00:00'),
(39,1,2,'other','{\"electronics type\":\"iPad \"}',80,400,'',1,63,'2021-01-29 10:01:41','0000-00-00 00:00:00'),
(40,1,2,'computer','{\"computer device\":\"laptop\",\"What is the make and model number?\":\"Lenovo Legion Y540\",\"what is the condition of computer device?\":\"Used\"}',0,0,'',1,69,'2021-01-30 08:01:09','0000-00-00 00:00:00'),
(41,1,2,'tv','{\"Does it include original remote?\":\"yes\",\"What is the make and model number?\":\"203 440 8180 \",\"what is the condition of your tv?\":\"New\"}',800,0,'I need and this watch to be apraise i bought it at saks fith avenue and I held it for a while it means a lot to me for I put it up for calorital..I did call the saks fith avenue to see if they carry this watch they said yes but there out stock I ask the price of this model they told me they  get back once there shipment arrives ',1,70,'2021-01-30 09:01:28','0000-00-00 00:00:00'),
(54,2,3,'cartier','',0,0,'',0,24,'2021-02-02 10:02:27','0000-00-00 00:00:00'),
(55,2,2,'gaming system','{\"does it include original remote and cable cords?\":\"yes\",\"What is the make and model number?\":\"\",\"what is the condition of your gaming system?\":\"Used\"}',250,0,'',0,24,'2021-02-02 11:02:45','0000-00-00 00:00:00'),
(60,2,2,'phone','{\"phone brand\":\"apple\",\"service provider\":\"at&t\",\"What is the make and model number?\":\"iphone 8\",\"what is the condition of your phone?\":\"Used\"}',0,600,'no cracks on screen, small blemishes on the sides of the phone, and a missing glass piece on the back. works perfectly',1,117,'2021-02-03 16:44:07','0000-00-00 00:00:00'),
(61,2,1,'other','{\"jewelry piece name\":\"Pendant\"}',0,130,'',1,122,'2021-02-03 20:08:08','0000-00-00 00:00:00'),
(62,1,1,'rings','',0,500,'',1,126,'2021-02-04 03:43:02','0000-00-00 00:00:00'),
(73,1,1,'chains','',400,2000,'1/2 karat diamonds in the eye of Jesus charm',1,166,'2021-02-07 07:20:39','0000-00-00 00:00:00'),
(65,2,1,'chains','',1000,1200,'',1,137,'2021-02-05 00:09:18','0000-00-00 00:00:00'),
(66,2,2,'tv','{\"Does it include original remote?\":\"yes\",\"What is the make and model number?\":\"Sceptre\",\"what is the condition of your tv?\":\"New\"}',0,200,'',1,140,'2021-02-05 02:24:40','0000-00-00 00:00:00'),
(69,2,3,'rolex','',20,0,'',1,143,'2021-02-05 11:00:38','0000-00-00 00:00:00'),
(72,2,2,'tv','{\"Does it include original remote?\":\"no\",\"What is the make and model number?\":\"Toshiba 23\\u201d screen\",\"what is the condition of your tv?\":\"Used\"}',0,0,'Works good ',1,154,'2021-02-05 20:59:15','0000-00-00 00:00:00'),
(74,1,2,'phone','{\"phone brand\":\"iPhone \",\"service provider\":\"T-mobile \",\"What is the make and model number?\":\"12 929-497-5378\",\"what is the condition of your phone?\":\"Used\"}',200,800,'It’s in great condition.',1,168,'2021-02-07 16:27:28','0000-00-00 00:00:00'),
(75,2,4,'footwear','{\"footwear type\":\"sneakers\"}',0,0,'',1,169,'2021-02-07 20:12:17','0000-00-00 00:00:00'),
(76,2,2,'computer','{\"computer device\":\"laptop\",\"What is the make and model number?\":\"Omen 15\",\"what is the condition of computer device?\":\"Used\"}',700,1,'HP - OMEN Gaming 15.6\" Gaming Laptop - Intel Core i7 - 16GB Memory - NVIDIA GeForce RTX 2060 - 512GB SSD + 32GB Optane - Shadow Black\r\n\r\nI bought the pc in September from Best Buy and it works just like it is brand new. Minimal wear. ',1,172,'2021-02-08 05:16:04','0000-00-00 00:00:00'),
(77,1,2,'computer','{\"computer device\":\"laptop\",\"What is the make and model number?\":\"HP laptop\",\"what is the condition of computer device?\":\"New\"}',140,499,'',1,173,'2021-02-08 12:43:56','0000-00-00 00:00:00'),
(78,2,2,'gaming system','{\"does it include original remote and cable cords?\":\"yes\",\"What is the make and model number?\":\"MG230161229\",\"what is the condition of your gaming system?\":\"Used\"}',100,299.99,'Includes Controller, Original Cords, and Mortal Kombat 11 as a downloaded game on the console.',1,176,'2021-02-08 16:08:28','0000-00-00 00:00:00'),
(79,1,1,'rings','',600,1200,'',1,188,'2021-02-09 23:37:13','0000-00-00 00:00:00'),
(80,2,2,'computer','{\"computer device\":\"laptop\",\"What is the make and model number?\":\"Dell Latitude 3500\",\"what is the condition of computer device?\":\"Used\"}',600,819.99,'',1,193,'2021-02-10 17:43:22','0000-00-00 00:00:00'),
(81,2,2,'phone','{\"phone brand\":\"Iphone xs\",\"service provider\":\"at &T\",\"What is the make and model number?\":\"iphone xs nta2ll\\/a\",\"what is the condition of your phone?\":\"New\"}',350,450,'',1,206,'2021-02-12 06:10:09','0000-00-00 00:00:00'),
(82,1,2,'gaming system','{\"does it include original remote and cable cords?\":\"yes\",\"What is the make and model number?\":\"Xbox one\",\"what is the condition of your gaming system?\":\"New\"}',1000,560,'',1,207,'2021-02-12 08:42:57','0000-00-00 00:00:00'),
(83,2,2,'phone','{\"phone brand\":\"Apple\",\"service provider\":\"T-Mobile \",\"What is the make and model number?\":\"iPhone 11\",\"what is the condition of your phone?\":\"Used\"}',100,700,'',1,208,'2021-02-12 08:53:59','0000-00-00 00:00:00'),
(84,2,1,'rings','',800,1665,'It was my former fiancée engagement ring. Size 8',1,213,'2021-02-12 21:44:42','0000-00-00 00:00:00'),
(85,2,2,'computer','{\"computer device\":\"desktop\",\"What is the make and model number?\":\"\",\"what is the condition of computer device?\":\"Open box\"}',150,319,'',1,216,'2021-02-13 10:47:06','0000-00-00 00:00:00'),
(86,1,2,'phone','{\"phone brand\":\"iPhone x\",\"service provider\":\"Khadija Gumaneh\",\"What is the make and model number?\":\"iPhone c\",\"what is the condition of your phone?\":\"Open box\"}',300,400,'Samsung s6',1,218,'2021-02-13 15:28:16','0000-00-00 00:00:00'),
(87,2,2,'phone','{\"phone brand\":\"iPhone x\",\"service provider\":\"Khadija Gumaneh\",\"What is the make and model number?\":\"iPhone x\",\"what is the condition of your phone?\":\"Open box\"}',350,400,'',1,219,'2021-02-13 15:30:30','0000-00-00 00:00:00'),
(88,2,2,'computer','{\"computer device\":\"desktop\",\"What is the make and model number?\":\"Hp\",\"what is the condition of computer device?\":\"Used\"}',2000,3000,'Desktop and keyboard mouse ',1,223,'2021-02-14 03:27:47','0000-00-00 00:00:00'),
(89,2,2,'computer','{\"computer device\":\"laptop\",\"What is the make and model number?\":\"MacBook Pro\\/A1278\",\"what is the condition of computer device?\":\"Used\"}',0,0,'',1,225,'2021-02-15 13:39:29','0000-00-00 00:00:00'),
(90,2,2,'gaming system','{\"does it include original remote and cable cords?\":\"yes\",\"What is the make and model number?\":\"1787\",\"what is the condition of your gaming system?\":\"Used\"}',200,550,'',1,238,'2021-02-16 01:36:06','0000-00-00 00:00:00'),
(91,2,3,'rolex','',9000,0,'18 K gold Ladies Presidential with factory set diamonds bezel, rare blue dial with diamonds, original boxes, booklets and tag. ',1,239,'2021-02-16 02:50:55','0000-00-00 00:00:00'),
(92,1,2,'other','{\"electronics type\":\"Scanner\"}',70,89.99,'This Canon CanScan Lide300 is a item I obtained from my online college course in computer animation. I currently do not use it as of now but do believe I will require it for later class courses.\r\nIt is in 100% working order yet it does not have the required cable to connect to my MacBook Pro. ',1,245,'2021-02-16 20:46:30','0000-00-00 00:00:00');

/*Table structure for table `ci_stores` */

DROP TABLE IF EXISTS `ci_stores`;

CREATE TABLE `ci_stores` (
  `id` int(11) NOT NULL AUTO_INCREMENT,
  `store` varchar(255) NOT NULL,
  `location` varchar(255) NOT NULL,
  `lat` varchar(255) NOT NULL,
  `lng` varchar(255) NOT NULL,
  PRIMARY KEY (`id`)
) ENGINE=MyISAM AUTO_INCREMENT=29 DEFAULT CHARSET=utf8;

/*Data for the table `ci_stores` */

insert  into `ci_stores`(`id`,`store`,`location`,`lat`,`lng`) values 
(1,'230 Flatbush Avenue - Brooklyn','','',''),
(2,'608 8th Avenue - Manhattan','','',''),
(3,'1708 Atlantic Ave - Brooklyn','','',''),
(4,'1535 Flatbush Avenue, Junction - Brooklyn','','',''),
(5,'1912 Flatbush Avenue - Brooklyn','','',''),
(6,'1724-A Pitkin Avenue - Brooklyn','','',''),
(7,'2199 Westchester Avenue - Bronx','','',''),
(8,'754 Allerton Avenue - Bronx','','',''),
(9,'1049 Westchester Avenue - Southern Blvd','','',''),
(10,'420 E. 149th Street - Bronx','','',''),
(11,'367 East Fordham Road - Bronx','','',''),
(12,'45-31 Bell Boulevard - Bayside','','',''),
(13,'28-07 Steinway Street - Astoria','','',''),
(14,'90-26 Sutphin Blvd. - Jamaica','','',''),
(15,'216-15 Jamaica Avenue – Queens Village','','',''),
(16,'5 South 4th Avenue - Mount Vernon','','',''),
(17,'708 Walt Whitman Road - Melville','','',''),
(18,'50 North Franklin Street - Hempstead','','',''),
(19,'126 East Sunrise - Valley Stream','','',''),
(20,'43 West John Street - Hicksville','','',''),
(21,'229 West Sunrise Highway - Merrick','','',''),
(22,'430 Middle Country Road - Selden','','',''),
(23,'4229A Broadway - New York','','',''),
(24,'351 West 125th Street - New York','','',''),
(25,'I don\'t know','','',''),
(26,'-','','','');

/*Table structure for table `ci_templates` */

DROP TABLE IF EXISTS `ci_templates`;

CREATE TABLE `ci_templates` (
  `id` int(11) NOT NULL AUTO_INCREMENT,
  `subject` varchar(255) NOT NULL,
  `content` longtext NOT NULL,
  `created_at` datetime NOT NULL,
  `updated_at` datetime NOT NULL,
  PRIMARY KEY (`id`)
) ENGINE=MyISAM AUTO_INCREMENT=3 DEFAULT CHARSET=utf8;

/*Data for the table `ci_templates` */

insert  into `ci_templates`(`id`,`subject`,`content`,`created_at`,`updated_at`) values 
(1,'Your Submission Has Been Received','<h1><strong>THANK YOU</strong></h1>\r\n\r\n<p>...for contacting GEM. Your online inquiry has been successfully submitted and received by our Customer Service team. We are happy to assist you to complete your loan or sale process. Our team will review your submitted information and respond within 1-2 days to provide you with the next steps for finalizing your request.&nbsp;</p>\r\n\r\n<p>While you wait, visit our website to learn more about our available services and the list of items you can bring in to sell or loan for instant cash.</p>\r\n\r\n<p>If you have any questions, our helpful team members are available to help Monday-Friday from 9am-5pm EST.</p>\r\n\r\n<p>&nbsp;</p>\r\n\r\n<p><a href=\"https://www.gempawnbrokers.com/\">GEM PAWNBROKERS</a></p>\r\n\r\n<p>DO NOT REPLY TO THIS EMAIL</p>\r\n','2021-01-29 03:10:09','2021-02-02 05:02:41'),
(2,'Your Online Payment Request Has Been Received','<h1><strong>THANK YOU</strong></h1>\r\n\r\n<p>...for submitting your online payment form. Your submission has been received by our Customer Service Team who will review your information. You will receive an electronic invoice via email within 1-2 business days. This invoice will include important information about your account including the corresponding pledge numbers for your loan(s) and your current total balance. Please follow the included instructions to submit your loan payment and have your account balance updated.&nbsp;</p>\r\n\r\n<p>If you have any questions, our helpful team members are available to help Monday-Friday from 9am-5pm EST. You can also visit our website to learn more about our available services and the list of items you can bring in to sell or loan for instant cash.</p>\r\n\r\n<p>&nbsp;</p>\r\n\r\n<p><a href=\"https://www.gempawnbrokers.com/\">GEM PAWNBROKERS</a></p>\r\n\r\n<p>DO NOT REPLY TO THIS EMAIL</p>\r\n','2021-01-29 03:10:12','2021-02-02 05:02:08');

/*Table structure for table `ci_user_groups` */

DROP TABLE IF EXISTS `ci_user_groups`;

CREATE TABLE `ci_user_groups` (
  `id` int(11) NOT NULL AUTO_INCREMENT,
  `group_name` varchar(100) NOT NULL,
  PRIMARY KEY (`id`)
) ENGINE=MyISAM AUTO_INCREMENT=11 DEFAULT CHARSET=utf8;

/*Data for the table `ci_user_groups` */

insert  into `ci_user_groups`(`id`,`group_name`) values 
(1,'member'),
(2,'programmer');

/*Table structure for table `ci_users` */

DROP TABLE IF EXISTS `ci_users`;

CREATE TABLE `ci_users` (
  `id` int(11) NOT NULL AUTO_INCREMENT,
  `username` varchar(50) NOT NULL,
  `firstname` varchar(30) NOT NULL,
  `lastname` varchar(30) NOT NULL,
  `email` varchar(50) NOT NULL,
  `mobile_no` varchar(30) NOT NULL,
  `password` varchar(255) NOT NULL,
  `address` mediumtext NOT NULL,
  `role` tinyint(4) NOT NULL DEFAULT 1,
  `is_active` tinyint(4) NOT NULL DEFAULT 1,
  `is_verify` tinyint(4) NOT NULL DEFAULT 0,
  `is_admin` tinyint(4) NOT NULL DEFAULT 0,
  `token` varchar(255) NOT NULL,
  `password_reset_code` varchar(255) NOT NULL,
  `last_ip` varchar(30) NOT NULL,
  `created_at` datetime NOT NULL,
  `updated_at` datetime NOT NULL,
  PRIMARY KEY (`id`)
) ENGINE=MyISAM AUTO_INCREMENT=46 DEFAULT CHARSET=utf8;

/*Data for the table `ci_users` */

insert  into `ci_users`(`id`,`username`,`firstname`,`lastname`,`email`,`mobile_no`,`password`,`address`,`role`,`is_active`,`is_verify`,`is_admin`,`token`,`password_reset_code`,`last_ip`,`created_at`,`updated_at`) values 
(3,'Jsully','Judith','Sully','Judiths@gempawn.net','','$2y$10$YCokJeCfh8KdAqH31Iob7eCS0CCjuzMsFRaUnN2Cq4WUVn.OIlMC2','',1,1,1,1,'','','','2017-09-29 10:09:44','2021-01-27 09:01:39'),
(43,'grant','Grant','Larocca','grantlarocca4@gmail.com','','$2y$10$YFRA1t5txkA9DZu4RDOOsOpjkS36tXkERzMCIIgOdmHNXezjRvrYm','',2,1,1,0,'','','','2021-01-10 00:00:00','2021-01-10 00:00:00'),
(44,'DMartinez','Dante','Martinez','dantem@gempawn.net','917 244 2131','$2y$10$LhA7eg9Rzwoq9iIv26PKMOl5XwMq2hJlF4zDljkyqMS9vpPxuEUa2','',1,1,1,0,'','','','2021-01-26 05:01:39','2021-01-27 08:01:54'),
(45,'BrandonC','Brandon','Casamassa','brandon@gempawn.net','','$2y$10$pdde/o6rS4CAJC8AXkao4OgW2yX79Fd3NWi9GWbjZNk2oX0UFushi','',1,1,1,0,'','','','2021-01-28 10:01:01','2021-01-28 10:01:01');

/*!40101 SET SQL_MODE=@OLD_SQL_MODE */;
/*!40014 SET FOREIGN_KEY_CHECKS=@OLD_FOREIGN_KEY_CHECKS */;
/*!40014 SET UNIQUE_CHECKS=@OLD_UNIQUE_CHECKS */;
/*!40111 SET SQL_NOTES=@OLD_SQL_NOTES */;
